filename,label
cat_000000.jpg,cat
cat_000001.jpg,cat
cat_000002.jpg,cat
cat_000003.jpg,cat
cat_000004.jpg,cat
cat_000005.jpg,cat
cat_000006.jpg,cat
cat_000007.jpg,cat
cat_000008.jpg,cat
cat_000009.jpg,cat
cat_000010.jpg,cat
cat_000011.jpg,cat
cat_000012.jpg,cat
cat_000013.jpg,cat
cat_000014.jpg,cat
cat_000015.jpg,cat
cat_000016.jpg,cat
cat_000017.jpg,cat
cat_000018.jpg,cat
cat_000019.jpg,cat
cat_000020.jpg,cat
cat_000021.jpg,cat
cat_000022.jpg,cat
cat_000023.jpg,cat
cat_000024.jpg,cat
cat_000025.jpg,cat
cat_000026.jpg,cat
cat_000027.jpg,cat
cat_000028.jpg,cat
cat_000029.jpg,cat
cat_000030.jpg,cat
cat_000031.jpg,cat
cat_000032.jpg,cat
cat_000033.jpg,cat
cat_000034.jpg,cat
cat_000035.jpg,cat
cat_000036.jpg,cat
cat_000037.jpg,cat
cat_000038.jpg,cat
cat_000039.jpg,cat
cat_000040.jpg,cat
cat_000041.jpg,cat
cat_000042.jpg,cat
cat_000043.jpg,cat
cat_000044.jpg,cat
cat_000045.jpg,cat
cat_000046.jpg,cat
cat_000047.jpg,cat
cat_000048.jpg,cat
cat_000049.jpg,cat
cat_000050.jpg,cat
cat_000051.jpg,cat
cat_000052.jpg,cat
cat_000053.jpg,cat
cat_000054.jpg,cat
cat_000055.jpg,cat
cat_000056.jpg,cat
cat_000057.jpg,cat
cat_000058.jpg,cat
cat_000059.jpg,cat
cat_000060.jpg,cat
cat_000061.jpg,cat
cat_000062.jpg,cat
cat_000063.jpg,cat
cat_000064.jpg,cat
cat_000065.jpg,cat
cat_000066.jpg,cat
cat_000067.jpg,cat
cat_000068.jpg,cat
cat_000069.jpg,cat
cat_000070.jpg,cat
cat_000071.jpg,cat
cat_000072.jpg,cat
cat_000073.jpg,cat
cat_000074.jpg,cat
cat_000075.jpg,cat
cat_000076.jpg,cat
cat_000077.jpg,cat
cat_000078.jpg,cat
cat_000079.jpg,cat
cat_000080.jpg,cat
cat_000081.jpg,cat
cat_000082.jpg,cat
cat_000083.jpg,cat
cat_000084.jpg,cat
cat_000085.jpg,cat
cat_000086.jpg,cat
cat_000087.jpg,cat
cat_000088.jpg,cat
cat_000089.jpg,cat
cat_000090.jpg,cat
cat_000091.jpg,cat
cat_000092.jpg,cat
cat_000093.jpg,cat
cat_000094.jpg,cat
cat_000095.jpg,cat
cat_000096.jpg,cat
cat_000097.jpg,cat
cat_000098.jpg,cat
cat_000099.jpg,cat
cat_000100.jpg,cat
cat_000101.jpg,cat
cat_000102.jpg,cat
cat_000103.jpg,cat
cat_000104.jpg,cat
cat_000105.jpg,cat
cat_000106.jpg,cat
cat_000107.jpg,cat
cat_000108.jpg,cat
cat_000109.jpg,cat
cat_000110.jpg,cat
cat_000111.jpg,cat
cat_000112.jpg,cat
cat_000113.jpg,cat
cat_000114.jpg,cat
cat_000115.jpg,cat
cat_000116.jpg,cat
cat_000117.jpg,cat
cat_000118.jpg,cat
cat_000119.jpg,cat
cat_000120.jpg,cat
cat_000121.jpg,cat
cat_000122.jpg,cat
cat_000123.jpg,cat
cat_000124.jpg,cat
cat_000125.jpg,cat
cat_000126.jpg,cat
cat_000127.jpg,cat
cat_000128.jpg,cat
cat_000129.jpg,cat
cat_000130.jpg,cat
cat_000131.jpg,cat
cat_000132.jpg,cat
cat_000133.jpg,cat
cat_000134.jpg,cat
cat_000135.jpg,cat
cat_000136.jpg,cat
cat_000137.jpg,cat
cat_000138.jpg,cat
cat_000139.jpg,cat
cat_000140.jpg,cat
cat_000141.jpg,cat
cat_000142.jpg,cat
cat_000143.jpg,cat
cat_000144.jpg,cat
cat_000145.jpg,cat
cat_000146.jpg,cat
cat_000147.jpg,cat
cat_000148.jpg,cat
cat_000149.jpg,cat
cat_000150.jpg,cat
cat_000151.jpg,cat
cat_000152.jpg,cat
cat_000153.jpg,cat
cat_000154.jpg,cat
cat_000155.jpg,cat
cat_000156.jpg,cat
cat_000157.jpg,cat
cat_000158.jpg,cat
cat_000159.jpg,cat
cat_000160.jpg,cat
cat_000161.jpg,cat
cat_000162.jpg,cat
cat_000163.jpg,cat
cat_000164.jpg,cat
cat_000165.jpg,cat
cat_000166.jpg,cat
cat_000167.jpg,cat
cat_000168.jpg,cat
cat_000169.jpg,cat
cat_000170.jpg,cat
cat_000171.jpg,cat
cat_000172.jpg,cat
cat_000173.jpg,cat
cat_000174.jpg,cat
cat_000175.jpg,cat
cat_000176.jpg,cat
cat_000177.jpg,cat
cat_000178.jpg,cat
cat_000179.jpg,cat
cat_000180.jpg,cat
cat_000181.jpg,cat
cat_000182.jpg,cat
cat_000183.jpg,cat
cat_000184.jpg,cat
cat_000185.jpg,cat
cat_000186.jpg,cat
cat_000187.jpg,cat
cat_000188.jpg,cat
cat_000189.jpg,cat
cat_000190.jpg,cat
cat_000191.jpg,cat
cat_000192.jpg,cat
cat_000193.jpg,cat
cat_000194.jpg,cat
cat_000195.jpg,cat
cat_000196.jpg,cat
cat_000197.jpg,cat
cat_000198.jpg,cat
cat_000199.jpg,cat
cat_000200.jpg,cat
cat_000201.jpg,cat
cat_000202.jpg,cat
cat_000203.jpg,cat
cat_000204.jpg,cat
cat_000205.jpg,cat
cat_000206.jpg,cat
cat_000207.jpg,cat
cat_000208.jpg,cat
cat_000209.jpg,cat
cat_000210.jpg,cat
cat_000211.jpg,cat
cat_000212.jpg,cat
cat_000213.jpg,cat
cat_000214.jpg,cat
cat_000215.jpg,cat
cat_000216.jpg,cat
cat_000217.jpg,cat
cat_000218.jpg,cat
cat_000219.jpg,cat
cat_000220.jpg,cat
cat_000221.jpg,cat
cat_000222.jpg,cat
cat_000223.jpg,cat
cat_000224.jpg,cat
cat_000225.jpg,cat
cat_000226.jpg,cat
cat_000227.jpg,cat
cat_000228.jpg,cat
cat_000229.jpg,cat
cat_000230.jpg,cat
cat_000231.jpg,cat
cat_000232.jpg,cat
cat_000233.jpg,cat
cat_000234.jpg,cat
cat_000235.jpg,cat
cat_000236.jpg,cat
cat_000237.jpg,cat
cat_000238.jpg,cat
cat_000239.jpg,cat
cat_000240.jpg,cat
cat_000241.jpg,cat
cat_000242.jpg,cat
cat_000243.jpg,cat
cat_000244.jpg,cat
cat_000245.jpg,cat
cat_000246.jpg,cat
cat_000247.jpg,cat
cat_000248.jpg,cat
cat_000249.jpg,cat
cat_000250.jpg,cat
cat_000251.jpg,cat
cat_000252.jpg,cat
cat_000253.jpg,cat
cat_000254.jpg,cat
cat_000255.jpg,cat
cat_000256.jpg,cat
cat_000257.jpg,cat
cat_000258.jpg,cat
cat_000259.jpg,cat
cat_000260.jpg,cat
cat_000261.jpg,cat
cat_000262.jpg,cat
cat_000263.jpg,cat
cat_000264.jpg,cat
cat_000265.jpg,cat
cat_000266.jpg,cat
cat_000267.jpg,cat
cat_000268.jpg,cat
cat_000269.jpg,cat
cat_000270.jpg,cat
cat_000271.jpg,cat
cat_000272.jpg,cat
cat_000273.jpg,cat
cat_000274.jpg,cat
cat_000275.jpg,cat
cat_000276.jpg,cat
cat_000277.jpg,cat
cat_000278.jpg,cat
cat_000279.jpg,cat
cat_000280.jpg,cat
cat_000281.jpg,cat
cat_000282.jpg,cat
cat_000283.jpg,cat
cat_000284.jpg,cat
cat_000285.jpg,cat
cat_000286.jpg,cat
cat_000287.jpg,cat
cat_000288.jpg,cat
cat_000289.jpg,cat
cat_000290.jpg,cat
cat_000291.jpg,cat
cat_000292.jpg,cat
cat_000293.jpg,cat
cat_000294.jpg,cat
cat_000295.jpg,cat
cat_000296.jpg,cat
cat_000297.jpg,cat
cat_000298.jpg,cat
cat_000299.jpg,cat
cat_000300.jpg,cat
cat_000301.jpg,cat
cat_000302.jpg,cat
cat_000303.jpg,cat
cat_000304.jpg,cat
cat_000305.jpg,cat
cat_000306.jpg,cat
cat_000307.jpg,cat
cat_000308.jpg,cat
cat_000309.jpg,cat
cat_000310.jpg,cat
cat_000311.jpg,cat
cat_000312.jpg,cat
cat_000313.jpg,cat
cat_000314.jpg,cat
cat_000315.jpg,cat
cat_000316.jpg,cat
cat_000317.jpg,cat
cat_000318.jpg,cat
cat_000319.jpg,cat
cat_000320.jpg,cat
cat_000321.jpg,cat
cat_000322.jpg,cat
cat_000323.jpg,cat
cat_000324.jpg,cat
cat_000325.jpg,cat
cat_000326.jpg,cat
cat_000327.jpg,cat
cat_000328.jpg,cat
cat_000329.jpg,cat
cat_000330.jpg,cat
cat_000331.jpg,cat
cat_000332.jpg,cat
cat_000333.jpg,cat
cat_000334.jpg,cat
cat_000335.jpg,cat
cat_000336.jpg,cat
cat_000337.jpg,cat
cat_000338.jpg,cat
cat_000339.jpg,cat
cat_000340.jpg,cat
cat_000341.jpg,cat
cat_000342.jpg,cat
cat_000343.jpg,cat
cat_000344.jpg,cat
cat_000345.jpg,cat
cat_000346.jpg,cat
cat_000347.jpg,cat
cat_000348.jpg,cat
cat_000349.jpg,cat
cat_000350.jpg,cat
cat_000351.jpg,cat
cat_000352.jpg,cat
cat_000353.jpg,cat
cat_000354.jpg,cat
cat_000355.jpg,cat
cat_000356.jpg,cat
cat_000357.jpg,cat
cat_000358.jpg,cat
cat_000359.jpg,cat
cat_000360.jpg,cat
cat_000361.jpg,cat
cat_000362.jpg,cat
cat_000363.jpg,cat
cat_000364.jpg,cat
cat_000365.jpg,cat
cat_000366.jpg,cat
cat_000367.jpg,cat
cat_000368.jpg,cat
cat_000369.jpg,cat
cat_000370.jpg,cat
cat_000371.jpg,cat
cat_000372.jpg,cat
cat_000373.jpg,cat
cat_000374.jpg,cat
cat_000375.jpg,cat
cat_000376.jpg,cat
cat_000377.jpg,cat
cat_000378.jpg,cat
cat_000379.jpg,cat
cat_000380.jpg,cat
cat_000381.jpg,cat
cat_000382.jpg,cat
cat_000383.jpg,cat
cat_000384.jpg,cat
cat_000385.jpg,cat
cat_000386.jpg,cat
cat_000387.jpg,cat
cat_000388.jpg,cat
cat_000389.jpg,cat
cat_000390.jpg,cat
cat_000391.jpg,cat
cat_000392.jpg,cat
cat_000393.jpg,cat
cat_000394.jpg,cat
cat_000395.jpg,cat
cat_000396.jpg,cat
cat_000397.jpg,cat
cat_000398.jpg,cat
cat_000399.jpg,cat
cat_000400.jpg,cat
cat_000401.jpg,cat
cat_000402.jpg,cat
cat_000403.jpg,cat
cat_000404.jpg,cat
cat_000405.jpg,cat
cat_000406.jpg,cat
cat_000407.jpg,cat
cat_000408.jpg,cat
cat_000409.jpg,cat
cat_000410.jpg,cat
cat_000411.jpg,cat
cat_000412.jpg,cat
cat_000413.jpg,cat
cat_000414.jpg,cat
cat_000415.jpg,cat
cat_000416.jpg,cat
cat_000417.jpg,cat
cat_000418.jpg,cat
cat_000419.jpg,cat
cat_000420.jpg,cat
cat_000421.jpg,cat
cat_000422.jpg,cat
cat_000423.jpg,cat
cat_000424.jpg,cat
cat_000425.jpg,cat
cat_000426.jpg,cat
cat_000427.jpg,cat
cat_000428.jpg,cat
cat_000429.jpg,cat
cat_000430.jpg,cat
cat_000431.jpg,cat
cat_000432.jpg,cat
cat_000433.jpg,cat
cat_000434.jpg,cat
cat_000435.jpg,cat
cat_000436.jpg,cat
cat_000437.jpg,cat
cat_000438.jpg,cat
cat_000439.jpg,cat
cat_000440.jpg,cat
cat_000441.jpg,cat
cat_000442.jpg,cat
cat_000443.jpg,cat
cat_000444.jpg,cat
cat_000445.jpg,cat
cat_000446.jpg,cat
cat_000447.jpg,cat
cat_000448.jpg,cat
cat_000449.jpg,cat
cat_000450.jpg,cat
cat_000451.jpg,cat
cat_000452.jpg,cat
cat_000453.jpg,cat
cat_000454.jpg,cat
cat_000455.jpg,cat
cat_000456.jpg,cat
cat_000457.jpg,cat
cat_000458.jpg,cat
cat_000459.jpg,cat
cat_000460.jpg,cat
cat_000461.jpg,cat
cat_000462.jpg,cat
cat_000463.jpg,cat
cat_000464.jpg,cat
cat_000465.jpg,cat
cat_000466.jpg,cat
cat_000467.jpg,cat
cat_000468.jpg,cat
cat_000469.jpg,cat
cat_000470.jpg,cat
cat_000471.jpg,cat
cat_000472.jpg,cat
cat_000473.jpg,cat
cat_000474.jpg,cat
cat_000475.jpg,cat
cat_000476.jpg,cat
cat_000477.jpg,cat
cat_000478.jpg,cat
cat_000479.jpg,cat
cat_000480.jpg,cat
cat_000481.jpg,cat
cat_000482.jpg,cat
cat_000483.jpg,cat
cat_000484.jpg,cat
cat_000485.jpg,cat
cat_000486.jpg,cat
cat_000487.jpg,cat
cat_000488.jpg,cat
cat_000489.jpg,cat
cat_000490.jpg,cat
cat_000491.jpg,cat
cat_000492.jpg,cat
cat_000493.jpg,cat
cat_000494.jpg,cat
cat_000495.jpg,cat
cat_000496.jpg,cat
cat_000497.jpg,cat
cat_000498.jpg,cat
cat_000499.jpg,cat
cat_000500.jpg,cat
cat_000501.jpg,cat
cat_000502.jpg,cat
cat_000503.jpg,cat
cat_000504.jpg,cat
cat_000505.jpg,cat
cat_000506.jpg,cat
cat_000507.jpg,cat
cat_000508.jpg,cat
cat_000509.jpg,cat
cat_000510.jpg,cat
cat_000511.jpg,cat
cat_000512.jpg,cat
cat_000513.jpg,cat
cat_000514.jpg,cat
cat_000515.jpg,cat
cat_000516.jpg,cat
cat_000517.jpg,cat
cat_000518.jpg,cat
cat_000519.jpg,cat
cat_000520.jpg,cat
cat_000521.jpg,cat
cat_000522.jpg,cat
cat_000523.jpg,cat
cat_000524.jpg,cat
cat_000525.jpg,cat
cat_000526.jpg,cat
cat_000527.jpg,cat
cat_000528.jpg,cat
cat_000529.jpg,cat
cat_000530.jpg,cat
cat_000531.jpg,cat
cat_000532.jpg,cat
cat_000533.jpg,cat
cat_000534.jpg,cat
cat_000535.jpg,cat
cat_000536.jpg,cat
cat_000537.jpg,cat
cat_000538.jpg,cat
cat_000539.jpg,cat
cat_000540.jpg,cat
cat_000541.jpg,cat
cat_000542.jpg,cat
cat_000543.jpg,cat
cat_000544.jpg,cat
cat_000545.jpg,cat
cat_000546.jpg,cat
cat_000547.jpg,cat
cat_000548.jpg,cat
cat_000549.jpg,cat
cat_000550.jpg,cat
cat_000551.jpg,cat
cat_000552.jpg,cat
cat_000553.jpg,cat
cat_000554.jpg,cat
cat_000555.jpg,cat
cat_000556.jpg,cat
cat_000557.jpg,cat
cat_000558.jpg,cat
cat_000559.jpg,cat
cat_000560.jpg,cat
cat_000561.jpg,cat
cat_000562.jpg,cat
cat_000563.jpg,cat
cat_000564.jpg,cat
cat_000565.jpg,cat
cat_000566.jpg,cat
cat_000567.jpg,cat
cat_000568.jpg,cat
cat_000569.jpg,cat
cat_000570.jpg,cat
cat_000571.jpg,cat
cat_000572.jpg,cat
cat_000573.jpg,cat
cat_000574.jpg,cat
cat_000575.jpg,cat
cat_000576.jpg,cat
cat_000577.jpg,cat
cat_000578.jpg,cat
cat_000579.jpg,cat
cat_000580.jpg,cat
cat_000581.jpg,cat
cat_000582.jpg,cat
cat_000583.jpg,cat
cat_000584.jpg,cat
cat_000585.jpg,cat
cat_000586.jpg,cat
cat_000587.jpg,cat
cat_000588.jpg,cat
cat_000589.jpg,cat
cat_000590.jpg,cat
cat_000591.jpg,cat
cat_000592.jpg,cat
cat_000593.jpg,cat
cat_000594.jpg,cat
cat_000595.jpg,cat
cat_000596.jpg,cat
cat_000597.jpg,cat
cat_000598.jpg,cat
cat_000599.jpg,cat
cat_000600.jpg,cat
cat_000601.jpg,cat
cat_000602.jpg,cat
cat_000603.jpg,cat
cat_000604.jpg,cat
cat_000605.jpg,cat
cat_000606.jpg,cat
cat_000607.jpg,cat
cat_000608.jpg,cat
cat_000609.jpg,cat
cat_000610.jpg,cat
cat_000611.jpg,cat
cat_000612.jpg,cat
cat_000613.jpg,cat
cat_000614.jpg,cat
cat_000615.jpg,cat
cat_000616.jpg,cat
cat_000617.jpg,cat
cat_000618.jpg,cat
cat_000619.jpg,cat
cat_000620.jpg,cat
cat_000621.jpg,cat
cat_000622.jpg,cat
cat_000623.jpg,cat
cat_000624.jpg,cat
cat_000625.jpg,cat
cat_000626.jpg,cat
cat_000627.jpg,cat
cat_000628.jpg,cat
cat_000629.jpg,cat
cat_000630.jpg,cat
cat_000631.jpg,cat
cat_000632.jpg,cat
cat_000633.jpg,cat
cat_000634.jpg,cat
cat_000635.jpg,cat
cat_000636.jpg,cat
cat_000637.jpg,cat
cat_000638.jpg,cat
cat_000639.jpg,cat
cat_000640.jpg,cat
cat_000641.jpg,cat
cat_000642.jpg,cat
cat_000643.jpg,cat
cat_000644.jpg,cat
cat_000645.jpg,cat
cat_000646.jpg,cat
cat_000647.jpg,cat
cat_000648.jpg,cat
cat_000649.jpg,cat
cat_000650.jpg,cat
cat_000651.jpg,cat
cat_000652.jpg,cat
cat_000653.jpg,cat
cat_000654.jpg,cat
cat_000655.jpg,cat
cat_000656.jpg,cat
cat_000657.jpg,cat
cat_000658.jpg,cat
cat_000659.jpg,cat
cat_000660.jpg,cat
cat_000661.jpg,cat
cat_000662.jpg,cat
cat_000663.jpg,cat
cat_000664.jpg,cat
cat_000665.jpg,cat
cat_000666.jpg,cat
cat_000667.jpg,cat
cat_000668.jpg,cat
cat_000669.jpg,cat
cat_000670.jpg,cat
cat_000671.jpg,cat
cat_000672.jpg,cat
cat_000673.jpg,cat
cat_000674.jpg,cat
cat_000675.jpg,cat
cat_000676.jpg,cat
cat_000677.jpg,cat
cat_000678.jpg,cat
cat_000679.jpg,cat
cat_000680.jpg,cat
cat_000681.jpg,cat
cat_000682.jpg,cat
cat_000683.jpg,cat
cat_000684.jpg,cat
cat_000685.jpg,cat
cat_000686.jpg,cat
cat_000687.jpg,cat
cat_000688.jpg,cat
cat_000689.jpg,cat
cat_000690.jpg,cat
cat_000691.jpg,cat
cat_000692.jpg,cat
cat_000693.jpg,cat
cat_000694.jpg,cat
cat_000695.jpg,cat
cat_000696.jpg,cat
cat_000697.jpg,cat
cat_000698.jpg,cat
cat_000699.jpg,cat
cat_000700.jpg,cat
cat_000701.jpg,cat
cat_000702.jpg,cat
cat_000703.jpg,cat
cat_000704.jpg,cat
cat_000705.jpg,cat
cat_000706.jpg,cat
cat_000707.jpg,cat
cat_000708.jpg,cat
cat_000709.jpg,cat
cat_000710.jpg,cat
cat_000711.jpg,cat
cat_000712.jpg,cat
cat_000713.jpg,cat
cat_000714.jpg,cat
cat_000715.jpg,cat
cat_000716.jpg,cat
cat_000717.jpg,cat
cat_000718.jpg,cat
cat_000719.jpg,cat
cat_000720.jpg,cat
cat_000721.jpg,cat
cat_000722.jpg,cat
cat_000723.jpg,cat
cat_000724.jpg,cat
cat_000725.jpg,cat
cat_000726.jpg,cat
cat_000727.jpg,cat
cat_000728.jpg,cat
cat_000729.jpg,cat
cat_000730.jpg,cat
cat_000731.jpg,cat
cat_000732.jpg,cat
cat_000733.jpg,cat
cat_000734.jpg,cat
cat_000735.jpg,cat
cat_000736.jpg,cat
cat_000737.jpg,cat
cat_000738.jpg,cat
cat_000739.jpg,cat
cat_000740.jpg,cat
cat_000741.jpg,cat
cat_000742.jpg,cat
cat_000743.jpg,cat
cat_000744.jpg,cat
cat_000745.jpg,cat
cat_000746.jpg,cat
cat_000747.jpg,cat
cat_000748.jpg,cat
cat_000749.jpg,cat
cat_000750.jpg,cat
cat_000751.jpg,cat
cat_000752.jpg,cat
cat_000753.jpg,cat
cat_000754.jpg,cat
cat_000755.jpg,cat
cat_000756.jpg,cat
cat_000757.jpg,cat
cat_000758.jpg,cat
cat_000759.jpg,cat
cat_000760.jpg,cat
cat_000761.jpg,cat
cat_000762.jpg,cat
cat_000763.jpg,cat
cat_000764.jpg,cat
cat_000765.jpg,cat
cat_000766.jpg,cat
cat_000767.jpg,cat
cat_000768.jpg,cat
cat_000769.jpg,cat
cat_000770.jpg,cat
cat_000771.jpg,cat
cat_000772.jpg,cat
cat_000773.jpg,cat
cat_000774.jpg,cat
cat_000775.jpg,cat
cat_000776.jpg,cat
cat_000777.jpg,cat
cat_000778.jpg,cat
cat_000779.jpg,cat
cat_000780.jpg,cat
cat_000781.jpg,cat
cat_000782.jpg,cat
cat_000783.jpg,cat
cat_000784.jpg,cat
cat_000785.jpg,cat
cat_000786.jpg,cat
cat_000787.jpg,cat
cat_000788.jpg,cat
cat_000789.jpg,cat
cat_000790.jpg,cat
cat_000791.jpg,cat
cat_000792.jpg,cat
cat_000793.jpg,cat
cat_000794.jpg,cat
cat_000795.jpg,cat
cat_000796.jpg,cat
cat_000797.jpg,cat
cat_000798.jpg,cat
cat_000799.jpg,cat
cat_000800.jpg,cat
cat_000801.jpg,cat
cat_000802.jpg,cat
cat_000803.jpg,cat
cat_000804.jpg,cat
cat_000805.jpg,cat
cat_000806.jpg,cat
cat_000807.jpg,cat
cat_000808.jpg,cat
cat_000809.jpg,cat
cat_000810.jpg,cat
cat_000811.jpg,cat
cat_000812.jpg,cat
cat_000813.jpg,cat
cat_000814.jpg,cat
cat_000815.jpg,cat
cat_000816.jpg,cat
cat_000817.jpg,cat
cat_000818.jpg,cat
cat_000819.jpg,cat
cat_000820.jpg,cat
cat_000821.jpg,cat
cat_000822.jpg,cat
cat_000823.jpg,cat
cat_000824.jpg,cat
cat_000825.jpg,cat
cat_000826.jpg,cat
cat_000827.jpg,cat
cat_000828.jpg,cat
cat_000829.jpg,cat
cat_000830.jpg,cat
cat_000831.jpg,cat
cat_000832.jpg,cat
cat_000833.jpg,cat
cat_000834.jpg,cat
cat_000835.jpg,cat
cat_000836.jpg,cat
cat_000837.jpg,cat
cat_000838.jpg,cat
cat_000839.jpg,cat
cat_000840.jpg,cat
cat_000841.jpg,cat
cat_000842.jpg,cat
cat_000843.jpg,cat
cat_000844.jpg,cat
cat_000845.jpg,cat
cat_000846.jpg,cat
cat_000847.jpg,cat
cat_000848.jpg,cat
cat_000849.jpg,cat
cat_000850.jpg,cat
cat_000851.jpg,cat
cat_000852.jpg,cat
cat_000853.jpg,cat
cat_000854.jpg,cat
cat_000855.jpg,cat
cat_000856.jpg,cat
cat_000857.jpg,cat
cat_000858.jpg,cat
cat_000859.jpg,cat
cat_000860.jpg,cat
cat_000861.jpg,cat
cat_000862.jpg,cat
cat_000863.jpg,cat
cat_000864.jpg,cat
cat_000865.jpg,cat
cat_000866.jpg,cat
cat_000867.jpg,cat
cat_000868.jpg,cat
cat_000869.jpg,cat
cat_000870.jpg,cat
cat_000871.jpg,cat
cat_000872.jpg,cat
cat_000873.jpg,cat
cat_000874.jpg,cat
cat_000875.jpg,cat
cat_000876.jpg,cat
cat_000877.jpg,cat
cat_000878.jpg,cat
cat_000879.jpg,cat
cat_000880.jpg,cat
cat_000881.jpg,cat
cat_000882.jpg,cat
cat_000883.jpg,cat
cat_000884.jpg,cat
cat_000885.jpg,cat
cat_000886.jpg,cat
cat_000887.jpg,cat
cat_000888.jpg,cat
cat_000889.jpg,cat
cat_000890.jpg,cat
cat_000891.jpg,cat
cat_000892.jpg,cat
cat_000893.jpg,cat
cat_000894.jpg,cat
cat_000895.jpg,cat
cat_000896.jpg,cat
cat_000897.jpg,cat
cat_000898.jpg,cat
cat_000899.jpg,cat
cat_000900.jpg,cat
cat_000901.jpg,cat
cat_000902.jpg,cat
cat_000903.jpg,cat
cat_000904.jpg,cat
cat_000905.jpg,cat
cat_000906.jpg,cat
cat_000907.jpg,cat
cat_000908.jpg,cat
cat_000909.jpg,cat
cat_000910.jpg,cat
cat_000911.jpg,cat
cat_000912.jpg,cat
cat_000913.jpg,cat
cat_000914.jpg,cat
cat_000915.jpg,cat
cat_000916.jpg,cat
cat_000917.jpg,cat
cat_000918.jpg,cat
cat_000919.jpg,cat
cat_000920.jpg,cat
cat_000921.jpg,cat
cat_000922.jpg,cat
cat_000923.jpg,cat
cat_000924.jpg,cat
cat_000925.jpg,cat
cat_000926.jpg,cat
cat_000927.jpg,cat
cat_000928.jpg,cat
cat_000929.jpg,cat
cat_000930.jpg,cat
cat_000931.jpg,cat
cat_000932.jpg,cat
cat_000933.jpg,cat
cat_000934.jpg,cat
cat_000935.jpg,cat
cat_000936.jpg,cat
cat_000937.jpg,cat
cat_000938.jpg,cat
cat_000939.jpg,cat
cat_000940.jpg,cat
cat_000941.jpg,cat
cat_000942.jpg,cat
cat_000943.jpg,cat
cat_000944.jpg,cat
cat_000945.jpg,cat
cat_000946.jpg,cat
cat_000947.jpg,cat
cat_000948.jpg,cat
cat_000949.jpg,cat
cat_000950.jpg,cat
cat_000951.jpg,cat
cat_000952.jpg,cat
cat_000953.jpg,cat
cat_000954.jpg,cat
cat_000955.jpg,cat
cat_000956.jpg,cat
cat_000957.jpg,cat
cat_000958.jpg,cat
cat_000959.jpg,cat
cat_000960.jpg,cat
cat_000961.jpg,cat
cat_000962.jpg,cat
cat_000963.jpg,cat
cat_000964.jpg,cat
cat_000965.jpg,cat
cat_000966.jpg,cat
cat_000967.jpg,cat
cat_000968.jpg,cat
cat_000969.jpg,cat
cat_000970.jpg,cat
cat_000971.jpg,cat
cat_000972.jpg,cat
cat_000973.jpg,cat
cat_000974.jpg,cat
cat_000975.jpg,cat
cat_000976.jpg,cat
cat_000977.jpg,cat
cat_000978.jpg,cat
cat_000979.jpg,cat
cat_000980.jpg,cat
cat_000981.jpg,cat
cat_000982.jpg,cat
cat_000983.jpg,cat
cat_000984.jpg,cat
cat_000985.jpg,cat
cat_000986.jpg,cat
cat_000987.jpg,cat
cat_000988.jpg,cat
cat_000989.jpg,cat
cat_000990.jpg,cat
cat_000991.jpg,cat
cat_000992.jpg,cat
cat_000993.jpg,cat
cat_000994.jpg,cat
cat_000995.jpg,cat
cat_000996.jpg,cat
cat_000997.jpg,cat
cat_000998.jpg,cat
cat_000999.jpg,cat
cat_001000.jpg,cat
cat_001001.jpg,cat
cat_001002.jpg,cat
cat_001003.jpg,cat
cat_001004.jpg,cat
cat_001005.jpg,cat
cat_001006.jpg,cat
cat_001007.jpg,cat
cat_001008.jpg,cat
cat_001009.jpg,cat
cat_001010.jpg,cat
cat_001011.jpg,cat
cat_001012.jpg,cat
cat_001013.jpg,cat
cat_001014.jpg,cat
cat_001015.jpg,cat
cat_001016.jpg,cat
cat_001017.jpg,cat
cat_001018.jpg,cat
cat_001019.jpg,cat
cat_001020.jpg,cat
cat_001021.jpg,cat
cat_001022.jpg,cat
cat_001023.jpg,cat
cat_001024.jpg,cat
cat_001025.jpg,cat
cat_001026.jpg,cat
cat_001027.jpg,cat
cat_001028.jpg,cat
cat_001029.jpg,cat
cat_001030.jpg,cat
cat_001031.jpg,cat
cat_001032.jpg,cat
cat_001033.jpg,cat
cat_001034.jpg,cat
cat_001035.jpg,cat
cat_001036.jpg,cat
cat_001037.jpg,cat
cat_001038.jpg,cat
cat_001039.jpg,cat
cat_001040.jpg,cat
cat_001041.jpg,cat
cat_001042.jpg,cat
cat_001043.jpg,cat
cat_001044.jpg,cat
cat_001045.jpg,cat
cat_001046.jpg,cat
cat_001047.jpg,cat
cat_001048.jpg,cat
cat_001049.jpg,cat
cat_001050.jpg,cat
cat_001051.jpg,cat
cat_001052.jpg,cat
cat_001053.jpg,cat
cat_001054.jpg,cat
cat_001055.jpg,cat
cat_001056.jpg,cat
cat_001057.jpg,cat
cat_001058.jpg,cat
cat_001059.jpg,cat
cat_001060.jpg,cat
cat_001061.jpg,cat
cat_001062.jpg,cat
cat_001063.jpg,cat
cat_001064.jpg,cat
cat_001065.jpg,cat
cat_001066.jpg,cat
cat_001067.jpg,cat
cat_001068.jpg,cat
cat_001069.jpg,cat
cat_001070.jpg,cat
cat_001071.jpg,cat
cat_001072.jpg,cat
cat_001073.jpg,cat
cat_001074.jpg,cat
cat_001075.jpg,cat
cat_001076.jpg,cat
cat_001077.jpg,cat
cat_001078.jpg,cat
cat_001079.jpg,cat
cat_001080.jpg,cat
cat_001081.jpg,cat
cat_001082.jpg,cat
cat_001083.jpg,cat
cat_001084.jpg,cat
cat_001085.jpg,cat
cat_001086.jpg,cat
cat_001087.jpg,cat
cat_001088.jpg,cat
cat_001089.jpg,cat
cat_001090.jpg,cat
cat_001091.jpg,cat
cat_001092.jpg,cat
cat_001093.jpg,cat
cat_001094.jpg,cat
cat_001095.jpg,cat
cat_001096.jpg,cat
cat_001097.jpg,cat
cat_001098.jpg,cat
cat_001099.jpg,cat
cat_001100.jpg,cat
cat_001101.jpg,cat
cat_001102.jpg,cat
cat_001103.jpg,cat
cat_001104.jpg,cat
cat_001105.jpg,cat
cat_001106.jpg,cat
cat_001107.jpg,cat
cat_001108.jpg,cat
cat_001109.jpg,cat
cat_001110.jpg,cat
cat_001111.jpg,cat
cat_001112.jpg,cat
cat_001113.jpg,cat
cat_001114.jpg,cat
cat_001115.jpg,cat
cat_001116.jpg,cat
cat_001117.jpg,cat
cat_001118.jpg,cat
cat_001119.jpg,cat
cat_001120.jpg,cat
cat_001121.jpg,cat
cat_001122.jpg,cat
cat_001123.jpg,cat
cat_001124.jpg,cat
cat_001125.jpg,cat
cat_001126.jpg,cat
cat_001127.jpg,cat
cat_001128.jpg,cat
cat_001129.jpg,cat
cat_001130.jpg,cat
cat_001131.jpg,cat
cat_001132.jpg,cat
cat_001133.jpg,cat
cat_001134.jpg,cat
cat_001135.jpg,cat
cat_001136.jpg,cat
cat_001137.jpg,cat
cat_001138.jpg,cat
cat_001139.jpg,cat
cat_001140.jpg,cat
cat_001141.jpg,cat
cat_001142.jpg,cat
cat_001143.jpg,cat
cat_001144.jpg,cat
cat_001145.jpg,cat
cat_001146.jpg,cat
cat_001147.jpg,cat
cat_001148.jpg,cat
cat_001149.jpg,cat
cat_001150.jpg,cat
cat_001151.jpg,cat
cat_001152.jpg,cat
cat_001153.jpg,cat
cat_001154.jpg,cat
cat_001155.jpg,cat
cat_001156.jpg,cat
cat_001157.jpg,cat
cat_001158.jpg,cat
cat_001159.jpg,cat
cat_001160.jpg,cat
cat_001161.jpg,cat
cat_001162.jpg,cat
cat_001163.jpg,cat
cat_001164.jpg,cat
cat_001165.jpg,cat
cat_001166.jpg,cat
cat_001167.jpg,cat
cat_001168.jpg,cat
cat_001169.jpg,cat
cat_001170.jpg,cat
cat_001171.jpg,cat
cat_001172.jpg,cat
cat_001173.jpg,cat
cat_001174.jpg,cat
cat_001175.jpg,cat
cat_001176.jpg,cat
cat_001177.jpg,cat
cat_001178.jpg,cat
cat_001179.jpg,cat
cat_001180.jpg,cat
cat_001181.jpg,cat
cat_001182.jpg,cat
cat_001183.jpg,cat
cat_001184.jpg,cat
cat_001185.jpg,cat
cat_001186.jpg,cat
cat_001187.jpg,cat
cat_001188.jpg,cat
cat_001189.jpg,cat
cat_001190.jpg,cat
cat_001191.jpg,cat
cat_001192.jpg,cat
cat_001193.jpg,cat
cat_001194.jpg,cat
cat_001195.jpg,cat
cat_001196.jpg,cat
cat_001197.jpg,cat
cat_001198.jpg,cat
cat_001199.jpg,cat
cat_001200.jpg,cat
cat_001201.jpg,cat
cat_001202.jpg,cat
cat_001203.jpg,cat
cat_001204.jpg,cat
cat_001205.jpg,cat
cat_001206.jpg,cat
cat_001207.jpg,cat
cat_001208.jpg,cat
cat_001209.jpg,cat
cat_001210.jpg,cat
cat_001211.jpg,cat
cat_001212.jpg,cat
cat_001213.jpg,cat
cat_001214.jpg,cat
cat_001215.jpg,cat
cat_001216.jpg,cat
cat_001217.jpg,cat
cat_001218.jpg,cat
cat_001219.jpg,cat
cat_001220.jpg,cat
cat_001221.jpg,cat
cat_001222.jpg,cat
cat_001223.jpg,cat
cat_001224.jpg,cat
cat_001225.jpg,cat
cat_001226.jpg,cat
cat_001227.jpg,cat
cat_001228.jpg,cat
cat_001229.jpg,cat
cat_001230.jpg,cat
cat_001231.jpg,cat
cat_001232.jpg,cat
cat_001233.jpg,cat
cat_001234.jpg,cat
cat_001235.jpg,cat
cat_001236.jpg,cat
cat_001237.jpg,cat
cat_001238.jpg,cat
cat_001239.jpg,cat
cat_001240.jpg,cat
cat_001241.jpg,cat
cat_001242.jpg,cat
cat_001243.jpg,cat
cat_001244.jpg,cat
cat_001245.jpg,cat
cat_001246.jpg,cat
cat_001247.jpg,cat
cat_001248.jpg,cat
cat_001249.jpg,cat
cat_001250.jpg,cat
cat_001251.jpg,cat
cat_001252.jpg,cat
cat_001253.jpg,cat
cat_001254.jpg,cat
cat_001255.jpg,cat
cat_001256.jpg,cat
cat_001257.jpg,cat
cat_001258.jpg,cat
cat_001259.jpg,cat
cat_001260.jpg,cat
cat_001261.jpg,cat
cat_001262.jpg,cat
cat_001263.jpg,cat
cat_001264.jpg,cat
cat_001265.jpg,cat
cat_001266.jpg,cat
cat_001267.jpg,cat
cat_001268.jpg,cat
cat_001269.jpg,cat
cat_001270.jpg,cat
cat_001271.jpg,cat
cat_001272.jpg,cat
cat_001273.jpg,cat
cat_001274.jpg,cat
cat_001275.jpg,cat
cat_001276.jpg,cat
cat_001277.jpg,cat
cat_001278.jpg,cat
cat_001279.jpg,cat
cat_001280.jpg,cat
cat_001281.jpg,cat
cat_001282.jpg,cat
cat_001283.jpg,cat
cat_001284.jpg,cat
cat_001285.jpg,cat
cat_001286.jpg,cat
cat_001287.jpg,cat
cat_001288.jpg,cat
cat_001289.jpg,cat
cat_001290.jpg,cat
cat_001291.jpg,cat
cat_001292.jpg,cat
cat_001293.jpg,cat
cat_001294.jpg,cat
cat_001295.jpg,cat
cat_001296.jpg,cat
cat_001297.jpg,cat
cat_001298.jpg,cat
cat_001299.jpg,cat
cat_001300.jpg,cat
cat_001301.jpg,cat
cat_001302.jpg,cat
cat_001303.jpg,cat
cat_001304.jpg,cat
cat_001305.jpg,cat
cat_001306.jpg,cat
cat_001307.jpg,cat
cat_001308.jpg,cat
cat_001309.jpg,cat
cat_001310.jpg,cat
cat_001311.jpg,cat
cat_001312.jpg,cat
cat_001313.jpg,cat
cat_001314.jpg,cat
cat_001315.jpg,cat
cat_001316.jpg,cat
cat_001317.jpg,cat
cat_001318.jpg,cat
cat_001319.jpg,cat
cat_001320.jpg,cat
cat_001321.jpg,cat
cat_001322.jpg,cat
cat_001323.jpg,cat
cat_001324.jpg,cat
cat_001325.jpg,cat
cat_001326.jpg,cat
cat_001327.jpg,cat
cat_001328.jpg,cat
cat_001329.jpg,cat
cat_001330.jpg,cat
cat_001331.jpg,cat
cat_001332.jpg,cat
cat_001333.jpg,cat
cat_001334.jpg,cat
cat_001335.jpg,cat
cat_001336.jpg,cat
cat_001337.jpg,cat
cat_001338.jpg,cat
cat_001339.jpg,cat
cat_001340.jpg,cat
cat_001341.jpg,cat
cat_001342.jpg,cat
cat_001343.jpg,cat
cat_001344.jpg,cat
cat_001345.jpg,cat
cat_001346.jpg,cat
cat_001347.jpg,cat
cat_001348.jpg,cat
cat_001349.jpg,cat
cat_001350.jpg,cat
cat_001351.jpg,cat
cat_001352.jpg,cat
cat_001353.jpg,cat
cat_001354.jpg,cat
cat_001355.jpg,cat
cat_001356.jpg,cat
cat_001357.jpg,cat
cat_001358.jpg,cat
cat_001359.jpg,cat
cat_001360.jpg,cat
cat_001361.jpg,cat
cat_001362.jpg,cat
cat_001363.jpg,cat
cat_001364.jpg,cat
cat_001365.jpg,cat
cat_001366.jpg,cat
cat_001367.jpg,cat
cat_001368.jpg,cat
cat_001369.jpg,cat
cat_001370.jpg,cat
cat_001371.jpg,cat
cat_001372.jpg,cat
cat_001373.jpg,cat
cat_001374.jpg,cat
cat_001375.jpg,cat
cat_001376.jpg,cat
cat_001377.jpg,cat
cat_001378.jpg,cat
cat_001379.jpg,cat
cat_001380.jpg,cat
cat_001381.jpg,cat
cat_001382.jpg,cat
cat_001383.jpg,cat
cat_001384.jpg,cat
cat_001385.jpg,cat
cat_001386.jpg,cat
cat_001387.jpg,cat
cat_001388.jpg,cat
cat_001389.jpg,cat
cat_001390.jpg,cat
cat_001391.jpg,cat
cat_001392.jpg,cat
cat_001393.jpg,cat
cat_001394.jpg,cat
cat_001395.jpg,cat
cat_001396.jpg,cat
cat_001397.jpg,cat
cat_001398.jpg,cat
cat_001399.jpg,cat
cat_001400.jpg,cat
cat_001401.jpg,cat
cat_001402.jpg,cat
cat_001403.jpg,cat
cat_001404.jpg,cat
cat_001405.jpg,cat
cat_001406.jpg,cat
cat_001407.jpg,cat
cat_001408.jpg,cat
cat_001409.jpg,cat
cat_001410.jpg,cat
cat_001411.jpg,cat
cat_001412.jpg,cat
cat_001413.jpg,cat
cat_001414.jpg,cat
cat_001415.jpg,cat
cat_001416.jpg,cat
cat_001417.jpg,cat
cat_001418.jpg,cat
cat_001419.jpg,cat
cat_001420.jpg,cat
cat_001421.jpg,cat
cat_001422.jpg,cat
cat_001423.jpg,cat
cat_001424.jpg,cat
cat_001425.jpg,cat
cat_001426.jpg,cat
cat_001427.jpg,cat
cat_001428.jpg,cat
cat_001429.jpg,cat
cat_001430.jpg,cat
cat_001431.jpg,cat
cat_001432.jpg,cat
cat_001433.jpg,cat
cat_001434.jpg,cat
cat_001435.jpg,cat
cat_001436.jpg,cat
cat_001437.jpg,cat
cat_001438.jpg,cat
cat_001439.jpg,cat
cat_001440.jpg,cat
cat_001441.jpg,cat
cat_001442.jpg,cat
cat_001443.jpg,cat
cat_001444.jpg,cat
cat_001445.jpg,cat
cat_001446.jpg,cat
cat_001447.jpg,cat
cat_001448.jpg,cat
cat_001449.jpg,cat
cat_001450.jpg,cat
cat_001451.jpg,cat
cat_001452.jpg,cat
cat_001453.jpg,cat
cat_001454.jpg,cat
cat_001455.jpg,cat
cat_001456.jpg,cat
cat_001457.jpg,cat
cat_001458.jpg,cat
cat_001459.jpg,cat
cat_001460.jpg,cat
cat_001461.jpg,cat
cat_001462.jpg,cat
cat_001463.jpg,cat
cat_001464.jpg,cat
cat_001465.jpg,cat
cat_001466.jpg,cat
cat_001467.jpg,cat
cat_001468.jpg,cat
cat_001469.jpg,cat
cat_001470.jpg,cat
cat_001471.jpg,cat
cat_001472.jpg,cat
cat_001473.jpg,cat
cat_001474.jpg,cat
cat_001475.jpg,cat
cat_001476.jpg,cat
cat_001477.jpg,cat
cat_001478.jpg,cat
cat_001479.jpg,cat
cat_001480.jpg,cat
cat_001481.jpg,cat
cat_001482.jpg,cat
cat_001483.jpg,cat
cat_001484.jpg,cat
cat_001485.jpg,cat
cat_001486.jpg,cat
cat_001487.jpg,cat
cat_001488.jpg,cat
cat_001489.jpg,cat
cat_001490.jpg,cat
cat_001491.jpg,cat
cat_001492.jpg,cat
cat_001493.jpg,cat
cat_001494.jpg,cat
cat_001495.jpg,cat
cat_001496.jpg,cat
cat_001497.jpg,cat
cat_001498.jpg,cat
cat_001499.jpg,cat
cat_001500.jpg,cat
cat_001501.jpg,cat
cat_001502.jpg,cat
cat_001503.jpg,cat
cat_001504.jpg,cat
cat_001505.jpg,cat
cat_001506.jpg,cat
cat_001507.jpg,cat
cat_001508.jpg,cat
cat_001509.jpg,cat
cat_001510.jpg,cat
cat_001511.jpg,cat
cat_001512.jpg,cat
cat_001513.jpg,cat
cat_001514.jpg,cat
cat_001515.jpg,cat
cat_001516.jpg,cat
cat_001517.jpg,cat
cat_001518.jpg,cat
cat_001519.jpg,cat
cat_001520.jpg,cat
cat_001521.jpg,cat
cat_001522.jpg,cat
cat_001523.jpg,cat
cat_001524.jpg,cat
cat_001525.jpg,cat
cat_001526.jpg,cat
cat_001527.jpg,cat
cat_001528.jpg,cat
cat_001529.jpg,cat
cat_001530.jpg,cat
cat_001531.jpg,cat
cat_001532.jpg,cat
cat_001533.jpg,cat
cat_001534.jpg,cat
cat_001535.jpg,cat
cat_001536.jpg,cat
cat_001537.jpg,cat
cat_001538.jpg,cat
cat_001539.jpg,cat
cat_001540.jpg,cat
cat_001541.jpg,cat
cat_001542.jpg,cat
cat_001543.jpg,cat
cat_001544.jpg,cat
cat_001545.jpg,cat
cat_001546.jpg,cat
cat_001547.jpg,cat
cat_001548.jpg,cat
cat_001549.jpg,cat
cat_001550.jpg,cat
cat_001551.jpg,cat
cat_001552.jpg,cat
cat_001553.jpg,cat
cat_001554.jpg,cat
cat_001555.jpg,cat
cat_001556.jpg,cat
cat_001557.jpg,cat
cat_001558.jpg,cat
cat_001559.jpg,cat
cat_001560.jpg,cat
cat_001561.jpg,cat
cat_001562.jpg,cat
cat_001563.jpg,cat
cat_001564.jpg,cat
cat_001565.jpg,cat
cat_001566.jpg,cat
cat_001567.jpg,cat
cat_001568.jpg,cat
cat_001569.jpg,cat
cat_001570.jpg,cat
cat_001571.jpg,cat
cat_001572.jpg,cat
cat_001573.jpg,cat
cat_001574.jpg,cat
cat_001575.jpg,cat
cat_001576.jpg,cat
cat_001577.jpg,cat
cat_001578.jpg,cat
cat_001579.jpg,cat
cat_001580.jpg,cat
cat_001581.jpg,cat
cat_001582.jpg,cat
cat_001583.jpg,cat
cat_001584.jpg,cat
cat_001585.jpg,cat
cat_001586.jpg,cat
cat_001587.jpg,cat
cat_001588.jpg,cat
cat_001589.jpg,cat
cat_001590.jpg,cat
cat_001591.jpg,cat
cat_001592.jpg,cat
cat_001593.jpg,cat
cat_001594.jpg,cat
cat_001595.jpg,cat
cat_001596.jpg,cat
cat_001597.jpg,cat
cat_001598.jpg,cat
cat_001599.jpg,cat
cat_001600.jpg,cat
cat_001601.jpg,cat
cat_001602.jpg,cat
cat_001603.jpg,cat
cat_001604.jpg,cat
cat_001605.jpg,cat
cat_001606.jpg,cat
cat_001607.jpg,cat
cat_001608.jpg,cat
cat_001609.jpg,cat
cat_001610.jpg,cat
cat_001611.jpg,cat
cat_001612.jpg,cat
cat_001613.jpg,cat
cat_001614.jpg,cat
cat_001615.jpg,cat
cat_001616.jpg,cat
cat_001617.jpg,cat
cat_001618.jpg,cat
cat_001619.jpg,cat
cat_001620.jpg,cat
cat_001621.jpg,cat
cat_001622.jpg,cat
cat_001623.jpg,cat
cat_001624.jpg,cat
cat_001625.jpg,cat
cat_001626.jpg,cat
cat_001627.jpg,cat
cat_001628.jpg,cat
cat_001629.jpg,cat
cat_001630.jpg,cat
cat_001631.jpg,cat
cat_001632.jpg,cat
cat_001633.jpg,cat
cat_001634.jpg,cat
cat_001635.jpg,cat
cat_001636.jpg,cat
cat_001637.jpg,cat
cat_001638.jpg,cat
cat_001639.jpg,cat
cat_001640.jpg,cat
cat_001641.jpg,cat
cat_001642.jpg,cat
cat_001643.jpg,cat
cat_001644.jpg,cat
cat_001645.jpg,cat
cat_001646.jpg,cat
cat_001647.jpg,cat
cat_001648.jpg,cat
cat_001649.jpg,cat
cat_001650.jpg,cat
cat_001651.jpg,cat
cat_001652.jpg,cat
cat_001653.jpg,cat
cat_001654.jpg,cat
cat_001655.jpg,cat
cat_001656.jpg,cat
cat_001657.jpg,cat
cat_001658.jpg,cat
cat_001659.jpg,cat
cat_001660.jpg,cat
cat_001661.jpg,cat
cat_001662.jpg,cat
cat_001663.jpg,cat
cat_001664.jpg,cat
cat_001665.jpg,cat
cat_001666.jpg,cat
cat_001667.jpg,cat
cat_001668.jpg,cat
cat_001669.jpg,cat
cat_001670.jpg,cat
cat_001671.jpg,cat
cat_001672.jpg,cat
cat_001673.jpg,cat
cat_001674.jpg,cat
cat_001675.jpg,cat
cat_001676.jpg,cat
cat_001677.jpg,cat
cat_001678.jpg,cat
cat_001679.jpg,cat
cat_001680.jpg,cat
cat_001681.jpg,cat
cat_001682.jpg,cat
cat_001683.jpg,cat
cat_001684.jpg,cat
cat_001685.jpg,cat
cat_001686.jpg,cat
cat_001687.jpg,cat
cat_001688.jpg,cat
cat_001689.jpg,cat
cat_001690.jpg,cat
cat_001691.jpg,cat
cat_001692.jpg,cat
cat_001693.jpg,cat
cat_001694.jpg,cat
cat_001695.jpg,cat
cat_001696.jpg,cat
cat_001697.jpg,cat
cat_001698.jpg,cat
cat_001699.jpg,cat
cat_001700.jpg,cat
cat_001701.jpg,cat
cat_001702.jpg,cat
cat_001703.jpg,cat
cat_001704.jpg,cat
cat_001705.jpg,cat
cat_001706.jpg,cat
cat_001707.jpg,cat
cat_001708.jpg,cat
cat_001709.jpg,cat
cat_001710.jpg,cat
cat_001711.jpg,cat
cat_001712.jpg,cat
cat_001713.jpg,cat
cat_001714.jpg,cat
cat_001715.jpg,cat
cat_001716.jpg,cat
cat_001717.jpg,cat
cat_001718.jpg,cat
cat_001719.jpg,cat
cat_001720.jpg,cat
cat_001721.jpg,cat
cat_001722.jpg,cat
cat_001723.jpg,cat
cat_001724.jpg,cat
cat_001725.jpg,cat
cat_001726.jpg,cat
cat_001727.jpg,cat
cat_001728.jpg,cat
cat_001729.jpg,cat
cat_001730.jpg,cat
cat_001731.jpg,cat
cat_001732.jpg,cat
cat_001733.jpg,cat
cat_001734.jpg,cat
cat_001735.jpg,cat
cat_001736.jpg,cat
cat_001737.jpg,cat
cat_001738.jpg,cat
cat_001739.jpg,cat
cat_001740.jpg,cat
cat_001741.jpg,cat
cat_001742.jpg,cat
cat_001743.jpg,cat
cat_001744.jpg,cat
cat_001745.jpg,cat
cat_001746.jpg,cat
cat_001747.jpg,cat
cat_001748.jpg,cat
cat_001749.jpg,cat
cat_001750.jpg,cat
cat_001751.jpg,cat
cat_001752.jpg,cat
cat_001753.jpg,cat
cat_001754.jpg,cat
cat_001755.jpg,cat
cat_001756.jpg,cat
cat_001757.jpg,cat
cat_001758.jpg,cat
cat_001759.jpg,cat
cat_001760.jpg,cat
cat_001761.jpg,cat
cat_001762.jpg,cat
cat_001763.jpg,cat
cat_001764.jpg,cat
cat_001765.jpg,cat
cat_001766.jpg,cat
cat_001767.jpg,cat
cat_001768.jpg,cat
cat_001769.jpg,cat
cat_001770.jpg,cat
cat_001771.jpg,cat
cat_001772.jpg,cat
cat_001773.jpg,cat
cat_001774.jpg,cat
cat_001775.jpg,cat
cat_001776.jpg,cat
cat_001777.jpg,cat
cat_001778.jpg,cat
cat_001779.jpg,cat
cat_001780.jpg,cat
cat_001781.jpg,cat
cat_001782.jpg,cat
cat_001783.jpg,cat
cat_001784.jpg,cat
cat_001785.jpg,cat
cat_001786.jpg,cat
cat_001787.jpg,cat
cat_001788.jpg,cat
cat_001789.jpg,cat
cat_001790.jpg,cat
cat_001791.jpg,cat
cat_001792.jpg,cat
cat_001793.jpg,cat
cat_001794.jpg,cat
cat_001795.jpg,cat
cat_001796.jpg,cat
cat_001797.jpg,cat
cat_001798.jpg,cat
cat_001799.jpg,cat
cat_001800.jpg,cat
cat_001801.jpg,cat
cat_001802.jpg,cat
cat_001803.jpg,cat
dog_000000.jpg,dog
dog_000001.jpg,dog
dog_000002.jpg,dog
dog_000003.jpg,dog
dog_000004.jpg,dog
dog_000005.jpg,dog
dog_000006.jpg,dog
dog_000007.jpg,dog
dog_000008.jpg,dog
dog_000009.jpg,dog
dog_000010.jpg,dog
dog_000011.jpg,dog
dog_000012.jpg,dog
dog_000013.jpg,dog
dog_000014.jpg,dog
dog_000015.jpg,dog
dog_000016.jpg,dog
dog_000017.jpg,dog
dog_000018.jpg,dog
dog_000019.jpg,dog
dog_000020.jpg,dog
dog_000021.jpg,dog
dog_000022.jpg,dog
dog_000023.jpg,dog
dog_000024.jpg,dog
dog_000025.jpg,dog
dog_000026.jpg,dog
dog_000027.jpg,dog
dog_000028.jpg,dog
dog_000029.jpg,dog
dog_000030.jpg,dog
dog_000031.jpg,dog
dog_000032.jpg,dog
dog_000033.jpg,dog
dog_000034.jpg,dog
dog_000035.jpg,dog
dog_000036.jpg,dog
dog_000037.jpg,dog
dog_000038.jpg,dog
dog_000039.jpg,dog
dog_000040.jpg,dog
dog_000041.jpg,dog
dog_000042.jpg,dog
dog_000043.jpg,dog
dog_000044.jpg,dog
dog_000045.jpg,dog
dog_000046.jpg,dog
dog_000047.jpg,dog
dog_000048.jpg,dog
dog_000049.jpg,dog
dog_000050.jpg,dog
dog_000051.jpg,dog
dog_000052.jpg,dog
dog_000053.jpg,dog
dog_000054.jpg,dog
dog_000055.jpg,dog
dog_000056.jpg,dog
dog_000057.jpg,dog
dog_000058.jpg,dog
dog_000059.jpg,dog
dog_000060.jpg,dog
dog_000061.jpg,dog
dog_000062.jpg,dog
dog_000063.jpg,dog
dog_000064.jpg,dog
dog_000065.jpg,dog
dog_000066.jpg,dog
dog_000067.jpg,dog
dog_000068.jpg,dog
dog_000069.jpg,dog
dog_000070.jpg,dog
dog_000071.jpg,dog
dog_000072.jpg,dog
dog_000073.jpg,dog
dog_000074.jpg,dog
dog_000075.jpg,dog
dog_000076.jpg,dog
dog_000077.jpg,dog
dog_000078.jpg,dog
dog_000079.jpg,dog
dog_000080.jpg,dog
dog_000081.jpg,dog
dog_000082.jpg,dog
dog_000083.jpg,dog
dog_000084.jpg,dog
dog_000085.jpg,dog
dog_000086.jpg,dog
dog_000087.jpg,dog
dog_000088.jpg,dog
dog_000089.jpg,dog
dog_000090.jpg,dog
dog_000091.jpg,dog
dog_000092.jpg,dog
dog_000093.jpg,dog
dog_000094.jpg,dog
dog_000095.jpg,dog
dog_000096.jpg,dog
dog_000097.jpg,dog
dog_000098.jpg,dog
dog_000099.jpg,dog
dog_000100.jpg,dog
dog_000101.jpg,dog
dog_000102.jpg,dog
dog_000103.jpg,dog
dog_000104.jpg,dog
dog_000105.jpg,dog
dog_000106.jpg,dog
dog_000107.jpg,dog
dog_000108.jpg,dog
dog_000109.jpg,dog
dog_000110.jpg,dog
dog_000111.jpg,dog
dog_000112.jpg,dog
dog_000113.jpg,dog
dog_000114.jpg,dog
dog_000115.jpg,dog
dog_000116.jpg,dog
dog_000117.jpg,dog
dog_000118.jpg,dog
dog_000119.jpg,dog
dog_000120.jpg,dog
dog_000121.jpg,dog
dog_000122.jpg,dog
dog_000123.jpg,dog
dog_000124.jpg,dog
dog_000125.jpg,dog
dog_000126.jpg,dog
dog_000127.jpg,dog
dog_000128.jpg,dog
dog_000129.jpg,dog
dog_000130.jpg,dog
dog_000131.jpg,dog
dog_000132.jpg,dog
dog_000133.jpg,dog
dog_000134.jpg,dog
dog_000135.jpg,dog
dog_000136.jpg,dog
dog_000137.jpg,dog
dog_000138.jpg,dog
dog_000139.jpg,dog
dog_000140.jpg,dog
dog_000141.jpg,dog
dog_000142.jpg,dog
dog_000143.jpg,dog
dog_000144.jpg,dog
dog_000145.jpg,dog
dog_000146.jpg,dog
dog_000147.jpg,dog
dog_000148.jpg,dog
dog_000149.jpg,dog
dog_000150.jpg,dog
dog_000151.jpg,dog
dog_000152.jpg,dog
dog_000153.jpg,dog
dog_000154.jpg,dog
dog_000155.jpg,dog
dog_000156.jpg,dog
dog_000157.jpg,dog
dog_000158.jpg,dog
dog_000159.jpg,dog
dog_000160.jpg,dog
dog_000161.jpg,dog
dog_000162.jpg,dog
dog_000163.jpg,dog
dog_000164.jpg,dog
dog_000165.jpg,dog
dog_000166.jpg,dog
dog_000167.jpg,dog
dog_000168.jpg,dog
dog_000169.jpg,dog
dog_000170.jpg,dog
dog_000171.jpg,dog
dog_000172.jpg,dog
dog_000173.jpg,dog
dog_000174.jpg,dog
dog_000175.jpg,dog
dog_000176.jpg,dog
dog_000177.jpg,dog
dog_000178.jpg,dog
dog_000179.jpg,dog
dog_000180.jpg,dog
dog_000181.jpg,dog
dog_000182.jpg,dog
dog_000183.jpg,dog
dog_000184.jpg,dog
dog_000185.jpg,dog
dog_000186.jpg,dog
dog_000187.jpg,dog
dog_000188.jpg,dog
dog_000189.jpg,dog
dog_000190.jpg,dog
dog_000191.jpg,dog
dog_000192.jpg,dog
dog_000193.jpg,dog
dog_000194.jpg,dog
dog_000195.jpg,dog
dog_000196.jpg,dog
dog_000197.jpg,dog
dog_000198.jpg,dog
dog_000199.jpg,dog
dog_000200.jpg,dog
dog_000201.jpg,dog
dog_000202.jpg,dog
dog_000203.jpg,dog
dog_000204.jpg,dog
dog_000205.jpg,dog
dog_000206.jpg,dog
dog_000207.jpg,dog
dog_000208.jpg,dog
dog_000209.jpg,dog
dog_000210.jpg,dog
dog_000211.jpg,dog
dog_000212.jpg,dog
dog_000213.jpg,dog
dog_000214.jpg,dog
dog_000215.jpg,dog
dog_000216.jpg,dog
dog_000217.jpg,dog
dog_000218.jpg,dog
dog_000219.jpg,dog
dog_000220.jpg,dog
dog_000221.jpg,dog
dog_000222.jpg,dog
dog_000223.jpg,dog
dog_000224.jpg,dog
dog_000225.jpg,dog
dog_000226.jpg,dog
dog_000227.jpg,dog
dog_000228.jpg,dog
dog_000229.jpg,dog
dog_000230.jpg,dog
dog_000231.jpg,dog
dog_000232.jpg,dog
dog_000233.jpg,dog
dog_000234.jpg,dog
dog_000235.jpg,dog
dog_000236.jpg,dog
dog_000237.jpg,dog
dog_000238.jpg,dog
dog_000239.jpg,dog
dog_000240.jpg,dog
dog_000241.jpg,dog
dog_000242.jpg,dog
dog_000243.jpg,dog
dog_000244.jpg,dog
dog_000245.jpg,dog
dog_000246.jpg,dog
dog_000247.jpg,dog
dog_000248.jpg,dog
dog_000249.jpg,dog
dog_000250.jpg,dog
dog_000251.jpg,dog
dog_000252.jpg,dog
dog_000253.jpg,dog
dog_000254.jpg,dog
dog_000255.jpg,dog
dog_000256.jpg,dog
dog_000257.jpg,dog
dog_000258.jpg,dog
dog_000259.jpg,dog
dog_000260.jpg,dog
dog_000261.jpg,dog
dog_000262.jpg,dog
dog_000263.jpg,dog
dog_000264.jpg,dog
dog_000265.jpg,dog
dog_000266.jpg,dog
dog_000267.jpg,dog
dog_000268.jpg,dog
dog_000269.jpg,dog
dog_000270.jpg,dog
dog_000271.jpg,dog
dog_000272.jpg,dog
dog_000273.jpg,dog
dog_000274.jpg,dog
dog_000275.jpg,dog
dog_000276.jpg,dog
dog_000277.jpg,dog
dog_000278.jpg,dog
dog_000279.jpg,dog
dog_000280.jpg,dog
dog_000281.jpg,dog
dog_000282.jpg,dog
dog_000283.jpg,dog
dog_000284.jpg,dog
dog_000285.jpg,dog
dog_000286.jpg,dog
dog_000287.jpg,dog
dog_000288.jpg,dog
dog_000289.jpg,dog
dog_000290.jpg,dog
dog_000291.jpg,dog
dog_000292.jpg,dog
dog_000293.jpg,dog
dog_000294.jpg,dog
dog_000295.jpg,dog
dog_000296.jpg,dog
dog_000297.jpg,dog
dog_000298.jpg,dog
dog_000299.jpg,dog
dog_000300.jpg,dog
dog_000301.jpg,dog
dog_000302.jpg,dog
dog_000303.jpg,dog
dog_000304.jpg,dog
dog_000305.jpg,dog
dog_000306.jpg,dog
dog_000307.jpg,dog
dog_000308.jpg,dog
dog_000309.jpg,dog
dog_000310.jpg,dog
dog_000311.jpg,dog
dog_000312.jpg,dog
dog_000313.jpg,dog
dog_000314.jpg,dog
dog_000315.jpg,dog
dog_000316.jpg,dog
dog_000317.jpg,dog
dog_000318.jpg,dog
dog_000319.jpg,dog
dog_000320.jpg,dog
dog_000321.jpg,dog
dog_000322.jpg,dog
dog_000323.jpg,dog
dog_000324.jpg,dog
dog_000325.jpg,dog
dog_000326.jpg,dog
dog_000327.jpg,dog
dog_000328.jpg,dog
dog_000329.jpg,dog
dog_000330.jpg,dog
dog_000331.jpg,dog
dog_000332.jpg,dog
dog_000333.jpg,dog
dog_000334.jpg,dog
dog_000335.jpg,dog
dog_000336.jpg,dog
dog_000337.jpg,dog
dog_000338.jpg,dog
dog_000339.jpg,dog
dog_000340.jpg,dog
dog_000341.jpg,dog
dog_000342.jpg,dog
dog_000343.jpg,dog
dog_000344.jpg,dog
dog_000345.jpg,dog
dog_000346.jpg,dog
dog_000347.jpg,dog
dog_000348.jpg,dog
dog_000349.jpg,dog
dog_000350.jpg,dog
dog_000351.jpg,dog
dog_000352.jpg,dog
dog_000353.jpg,dog
dog_000354.jpg,dog
dog_000355.jpg,dog
dog_000356.jpg,dog
dog_000357.jpg,dog
dog_000358.jpg,dog
dog_000359.jpg,dog
dog_000360.jpg,dog
dog_000361.jpg,dog
dog_000362.jpg,dog
dog_000363.jpg,dog
dog_000364.jpg,dog
dog_000365.jpg,dog
dog_000366.jpg,dog
dog_000367.jpg,dog
dog_000368.jpg,dog
dog_000369.jpg,dog
dog_000370.jpg,dog
dog_000371.jpg,dog
dog_000372.jpg,dog
dog_000373.jpg,dog
dog_000374.jpg,dog
dog_000375.jpg,dog
dog_000376.jpg,dog
dog_000377.jpg,dog
dog_000378.jpg,dog
dog_000379.jpg,dog
dog_000380.jpg,dog
dog_000381.jpg,dog
dog_000382.jpg,dog
dog_000383.jpg,dog
dog_000384.jpg,dog
dog_000385.jpg,dog
dog_000386.jpg,dog
dog_000387.jpg,dog
dog_000388.jpg,dog
dog_000389.jpg,dog
dog_000390.jpg,dog
dog_000391.jpg,dog
dog_000392.jpg,dog
dog_000393.jpg,dog
dog_000394.jpg,dog
dog_000395.jpg,dog
dog_000396.jpg,dog
dog_000397.jpg,dog
dog_000398.jpg,dog
dog_000399.jpg,dog
dog_000400.jpg,dog
dog_000401.jpg,dog
dog_000402.jpg,dog
dog_000403.jpg,dog
dog_000404.jpg,dog
dog_000405.jpg,dog
dog_000406.jpg,dog
dog_000407.jpg,dog
dog_000408.jpg,dog
dog_000409.jpg,dog
dog_000410.jpg,dog
dog_000411.jpg,dog
dog_000412.jpg,dog
dog_000413.jpg,dog
dog_000414.jpg,dog
dog_000415.jpg,dog
dog_000416.jpg,dog
dog_000417.jpg,dog
dog_000418.jpg,dog
dog_000419.jpg,dog
dog_000420.jpg,dog
dog_000421.jpg,dog
dog_000422.jpg,dog
dog_000423.jpg,dog
dog_000424.jpg,dog
dog_000425.jpg,dog
dog_000426.jpg,dog
dog_000427.jpg,dog
dog_000428.jpg,dog
dog_000429.jpg,dog
dog_000430.jpg,dog
dog_000431.jpg,dog
dog_000432.jpg,dog
dog_000433.jpg,dog
dog_000434.jpg,dog
dog_000435.jpg,dog
dog_000436.jpg,dog
dog_000437.jpg,dog
dog_000438.jpg,dog
dog_000439.jpg,dog
dog_000440.jpg,dog
dog_000441.jpg,dog
dog_000442.jpg,dog
dog_000443.jpg,dog
dog_000444.jpg,dog
dog_000445.jpg,dog
dog_000446.jpg,dog
dog_000447.jpg,dog
dog_000448.jpg,dog
dog_000449.jpg,dog
dog_000450.jpg,dog
dog_000451.jpg,dog
dog_000452.jpg,dog
dog_000453.jpg,dog
dog_000454.jpg,dog
dog_000455.jpg,dog
dog_000456.jpg,dog
dog_000457.jpg,dog
dog_000458.jpg,dog
dog_000459.jpg,dog
dog_000460.jpg,dog
dog_000461.jpg,dog
dog_000462.jpg,dog
dog_000463.jpg,dog
dog_000464.jpg,dog
dog_000465.jpg,dog
dog_000466.jpg,dog
dog_000467.jpg,dog
dog_000468.jpg,dog
dog_000469.jpg,dog
dog_000470.jpg,dog
dog_000471.jpg,dog
dog_000472.jpg,dog
dog_000473.jpg,dog
dog_000474.jpg,dog
dog_000475.jpg,dog
dog_000476.jpg,dog
dog_000477.jpg,dog
dog_000478.jpg,dog
dog_000479.jpg,dog
dog_000480.jpg,dog
dog_000481.jpg,dog
dog_000482.jpg,dog
dog_000483.jpg,dog
dog_000484.jpg,dog
dog_000485.jpg,dog
dog_000486.jpg,dog
dog_000487.jpg,dog
dog_000488.jpg,dog
dog_000489.jpg,dog
dog_000490.jpg,dog
dog_000491.jpg,dog
dog_000492.jpg,dog
dog_000493.jpg,dog
dog_000494.jpg,dog
dog_000495.jpg,dog
dog_000496.jpg,dog
dog_000497.jpg,dog
dog_000498.jpg,dog
dog_000499.jpg,dog
dog_000500.jpg,dog
dog_000501.jpg,dog
dog_000502.jpg,dog
dog_000503.jpg,dog
dog_000504.jpg,dog
dog_000505.jpg,dog
dog_000506.jpg,dog
dog_000507.jpg,dog
dog_000508.jpg,dog
dog_000509.jpg,dog
dog_000510.jpg,dog
dog_000511.jpg,dog
dog_000512.jpg,dog
dog_000513.jpg,dog
dog_000514.jpg,dog
dog_000515.jpg,dog
dog_000516.jpg,dog
dog_000517.jpg,dog
dog_000518.jpg,dog
dog_000519.jpg,dog
dog_000520.jpg,dog
dog_000521.jpg,dog
dog_000522.jpg,dog
dog_000523.jpg,dog
dog_000524.jpg,dog
dog_000525.jpg,dog
dog_000526.jpg,dog
dog_000527.jpg,dog
dog_000528.jpg,dog
dog_000529.jpg,dog
dog_000530.jpg,dog
dog_000531.jpg,dog
dog_000532.jpg,dog
dog_000533.jpg,dog
dog_000534.jpg,dog
dog_000535.jpg,dog
dog_000536.jpg,dog
dog_000537.jpg,dog
dog_000538.jpg,dog
dog_000539.jpg,dog
dog_000540.jpg,dog
dog_000541.jpg,dog
dog_000542.jpg,dog
dog_000543.jpg,dog
dog_000544.jpg,dog
dog_000545.jpg,dog
dog_000546.jpg,dog
dog_000547.jpg,dog
dog_000548.jpg,dog
dog_000549.jpg,dog
dog_000550.jpg,dog
dog_000551.jpg,dog
dog_000552.jpg,dog
dog_000553.jpg,dog
dog_000554.jpg,dog
dog_000555.jpg,dog
dog_000556.jpg,dog
dog_000557.jpg,dog
dog_000558.jpg,dog
dog_000559.jpg,dog
dog_000560.jpg,dog
dog_000561.jpg,dog
dog_000562.jpg,dog
dog_000563.jpg,dog
dog_000564.jpg,dog
dog_000565.jpg,dog
dog_000566.jpg,dog
dog_000567.jpg,dog
dog_000568.jpg,dog
dog_000569.jpg,dog
dog_000570.jpg,dog
dog_000571.jpg,dog
dog_000572.jpg,dog
dog_000573.jpg,dog
dog_000574.jpg,dog
dog_000575.jpg,dog
dog_000576.jpg,dog
dog_000577.jpg,dog
dog_000578.jpg,dog
dog_000579.jpg,dog
dog_000580.jpg,dog
dog_000581.jpg,dog
dog_000582.jpg,dog
dog_000583.jpg,dog
dog_000584.jpg,dog
dog_000585.jpg,dog
dog_000586.jpg,dog
dog_000587.jpg,dog
dog_000588.jpg,dog
dog_000589.jpg,dog
dog_000590.jpg,dog
dog_000591.jpg,dog
dog_000592.jpg,dog
dog_000593.jpg,dog
dog_000594.jpg,dog
dog_000595.jpg,dog
dog_000596.jpg,dog
dog_000597.jpg,dog
dog_000598.jpg,dog
dog_000599.jpg,dog
dog_000600.jpg,dog
dog_000601.jpg,dog
dog_000602.jpg,dog
dog_000603.jpg,dog
dog_000604.jpg,dog
dog_000605.jpg,dog
dog_000606.jpg,dog
dog_000607.jpg,dog
dog_000608.jpg,dog
dog_000609.jpg,dog
dog_000610.jpg,dog
dog_000611.jpg,dog
dog_000612.jpg,dog
dog_000613.jpg,dog
dog_000614.jpg,dog
dog_000615.jpg,dog
dog_000616.jpg,dog
dog_000617.jpg,dog
dog_000618.jpg,dog
dog_000619.jpg,dog
dog_000620.jpg,dog
dog_000621.jpg,dog
dog_000622.jpg,dog
dog_000623.jpg,dog
dog_000624.jpg,dog
dog_000625.jpg,dog
dog_000626.jpg,dog
dog_000627.jpg,dog
dog_000628.jpg,dog
dog_000629.jpg,dog
dog_000630.jpg,dog
dog_000631.jpg,dog
dog_000632.jpg,dog
dog_000633.jpg,dog
dog_000634.jpg,dog
dog_000635.jpg,dog
dog_000636.jpg,dog
dog_000637.jpg,dog
dog_000638.jpg,dog
dog_000639.jpg,dog
dog_000640.jpg,dog
dog_000641.jpg,dog
dog_000642.jpg,dog
dog_000643.jpg,dog
dog_000644.jpg,dog
dog_000645.jpg,dog
dog_000646.jpg,dog
dog_000647.jpg,dog
dog_000648.jpg,dog
dog_000649.jpg,dog
dog_000650.jpg,dog
dog_000651.jpg,dog
dog_000652.jpg,dog
dog_000653.jpg,dog
dog_000654.jpg,dog
dog_000655.jpg,dog
dog_000656.jpg,dog
dog_000657.jpg,dog
dog_000658.jpg,dog
dog_000659.jpg,dog
dog_000660.jpg,dog
dog_000661.jpg,dog
dog_000662.jpg,dog
dog_000663.jpg,dog
dog_000664.jpg,dog
dog_000665.jpg,dog
dog_000666.jpg,dog
dog_000667.jpg,dog
dog_000668.jpg,dog
dog_000669.jpg,dog
dog_000670.jpg,dog
dog_000671.jpg,dog
dog_000672.jpg,dog
dog_000673.jpg,dog
dog_000674.jpg,dog
dog_000675.jpg,dog
dog_000676.jpg,dog
dog_000677.jpg,dog
dog_000678.jpg,dog
dog_000679.jpg,dog
dog_000680.jpg,dog
dog_000681.jpg,dog
dog_000682.jpg,dog
dog_000683.jpg,dog
dog_000684.jpg,dog
dog_000685.jpg,dog
dog_000686.jpg,dog
dog_000687.jpg,dog
dog_000688.jpg,dog
dog_000689.jpg,dog
dog_000690.jpg,dog
dog_000691.jpg,dog
dog_000692.jpg,dog
dog_000693.jpg,dog
dog_000694.jpg,dog
dog_000695.jpg,dog
dog_000696.jpg,dog
dog_000697.jpg,dog
dog_000698.jpg,dog
dog_000699.jpg,dog
dog_000700.jpg,dog
dog_000701.jpg,dog
dog_000702.jpg,dog
dog_000703.jpg,dog
dog_000704.jpg,dog
dog_000705.jpg,dog
dog_000706.jpg,dog
dog_000707.jpg,dog
dog_000708.jpg,dog
dog_000709.jpg,dog
dog_000710.jpg,dog
dog_000711.jpg,dog
dog_000712.jpg,dog
dog_000713.jpg,dog
dog_000714.jpg,dog
dog_000715.jpg,dog
dog_000716.jpg,dog
dog_000717.jpg,dog
dog_000718.jpg,dog
dog_000719.jpg,dog
dog_000720.jpg,dog
dog_000721.jpg,dog
dog_000722.jpg,dog
dog_000723.jpg,dog
dog_000724.jpg,dog
dog_000725.jpg,dog
dog_000726.jpg,dog
dog_000727.jpg,dog
dog_000728.jpg,dog
dog_000729.jpg,dog
dog_000730.jpg,dog
dog_000731.jpg,dog
dog_000732.jpg,dog
dog_000733.jpg,dog
dog_000734.jpg,dog
dog_000735.jpg,dog
dog_000736.jpg,dog
dog_000737.jpg,dog
dog_000738.jpg,dog
dog_000739.jpg,dog
dog_000740.jpg,dog
dog_000741.jpg,dog
dog_000742.jpg,dog
dog_000743.jpg,dog
dog_000744.jpg,dog
dog_000745.jpg,dog
dog_000746.jpg,dog
dog_000747.jpg,dog
dog_000748.jpg,dog
dog_000749.jpg,dog
dog_000750.jpg,dog
dog_000751.jpg,dog
dog_000752.jpg,dog
dog_000753.jpg,dog
dog_000754.jpg,dog
dog_000755.jpg,dog
dog_000756.jpg,dog
dog_000757.jpg,dog
dog_000758.jpg,dog
dog_000759.jpg,dog
dog_000760.jpg,dog
dog_000761.jpg,dog
dog_000762.jpg,dog
dog_000763.jpg,dog
dog_000764.jpg,dog
dog_000765.jpg,dog
dog_000766.jpg,dog
dog_000767.jpg,dog
dog_000768.jpg,dog
dog_000769.jpg,dog
dog_000770.jpg,dog
dog_000771.jpg,dog
dog_000772.jpg,dog
dog_000773.jpg,dog
dog_000774.jpg,dog
dog_000775.jpg,dog
dog_000776.jpg,dog
dog_000777.jpg,dog
dog_000778.jpg,dog
dog_000779.jpg,dog
dog_000780.jpg,dog
dog_000781.jpg,dog
dog_000782.jpg,dog
dog_000783.jpg,dog
dog_000784.jpg,dog
dog_000785.jpg,dog
dog_000786.jpg,dog
dog_000787.jpg,dog
dog_000788.jpg,dog
dog_000789.jpg,dog
dog_000790.jpg,dog
dog_000791.jpg,dog
dog_000792.jpg,dog
dog_000793.jpg,dog
dog_000794.jpg,dog
dog_000795.jpg,dog
dog_000796.jpg,dog
dog_000797.jpg,dog
dog_000798.jpg,dog
dog_000799.jpg,dog
dog_000800.jpg,dog
dog_000801.jpg,dog
dog_000802.jpg,dog
dog_000803.jpg,dog
dog_000804.jpg,dog
dog_000805.jpg,dog
dog_000806.jpg,dog
dog_000807.jpg,dog
dog_000808.jpg,dog
dog_000809.jpg,dog
dog_000810.jpg,dog
dog_000811.jpg,dog
dog_000812.jpg,dog
dog_000813.jpg,dog
dog_000814.jpg,dog
dog_000815.jpg,dog
dog_000816.jpg,dog
dog_000817.jpg,dog
dog_000818.jpg,dog
dog_000819.jpg,dog
dog_000820.jpg,dog
dog_000821.jpg,dog
dog_000822.jpg,dog
dog_000823.jpg,dog
dog_000824.jpg,dog
dog_000825.jpg,dog
dog_000826.jpg,dog
dog_000827.jpg,dog
dog_000828.jpg,dog
dog_000829.jpg,dog
dog_000830.jpg,dog
dog_000831.jpg,dog
dog_000832.jpg,dog
dog_000833.jpg,dog
dog_000834.jpg,dog
dog_000835.jpg,dog
dog_000836.jpg,dog
dog_000837.jpg,dog
dog_000838.jpg,dog
dog_000839.jpg,dog
dog_000840.jpg,dog
dog_000841.jpg,dog
dog_000842.jpg,dog
dog_000843.jpg,dog
dog_000844.jpg,dog
dog_000845.jpg,dog
dog_000846.jpg,dog
dog_000847.jpg,dog
dog_000848.jpg,dog
dog_000849.jpg,dog
dog_000850.jpg,dog
dog_000851.jpg,dog
dog_000852.jpg,dog
dog_000853.jpg,dog
dog_000854.jpg,dog
dog_000855.jpg,dog
dog_000856.jpg,dog
dog_000857.jpg,dog
dog_000858.jpg,dog
dog_000859.jpg,dog
dog_000860.jpg,dog
dog_000861.jpg,dog
dog_000862.jpg,dog
dog_000863.jpg,dog
dog_000864.jpg,dog
dog_000865.jpg,dog
dog_000866.jpg,dog
dog_000867.jpg,dog
dog_000868.jpg,dog
dog_000869.jpg,dog
dog_000870.jpg,dog
dog_000871.jpg,dog
dog_000872.jpg,dog
dog_000873.jpg,dog
dog_000874.jpg,dog
dog_000875.jpg,dog
dog_000876.jpg,dog
dog_000877.jpg,dog
dog_000878.jpg,dog
dog_000879.jpg,dog
dog_000880.jpg,dog
dog_000881.jpg,dog
dog_000882.jpg,dog
dog_000883.jpg,dog
dog_000884.jpg,dog
dog_000885.jpg,dog
dog_000886.jpg,dog
dog_000887.jpg,dog
dog_000888.jpg,dog
dog_000889.jpg,dog
dog_000890.jpg,dog
dog_000891.jpg,dog
dog_000892.jpg,dog
dog_000893.jpg,dog
dog_000894.jpg,dog
dog_000895.jpg,dog
dog_000896.jpg,dog
dog_000897.jpg,dog
dog_000898.jpg,dog
dog_000899.jpg,dog
dog_000900.jpg,dog
dog_000901.jpg,dog
dog_000902.jpg,dog
dog_000903.jpg,dog
dog_000904.jpg,dog
dog_000905.jpg,dog
dog_000906.jpg,dog
dog_000907.jpg,dog
dog_000908.jpg,dog
dog_000909.jpg,dog
dog_000910.jpg,dog
dog_000911.jpg,dog
dog_000912.jpg,dog
dog_000913.jpg,dog
dog_000914.jpg,dog
dog_000915.jpg,dog
dog_000916.jpg,dog
dog_000917.jpg,dog
dog_000918.jpg,dog
dog_000919.jpg,dog
dog_000920.jpg,dog
dog_000921.jpg,dog
dog_000922.jpg,dog
dog_000923.jpg,dog
dog_000924.jpg,dog
dog_000925.jpg,dog
dog_000926.jpg,dog
dog_000927.jpg,dog
dog_000928.jpg,dog
dog_000929.jpg,dog
dog_000930.jpg,dog
dog_000931.jpg,dog
dog_000932.jpg,dog
dog_000933.jpg,dog
dog_000934.jpg,dog
dog_000935.jpg,dog
dog_000936.jpg,dog
dog_000937.jpg,dog
dog_000938.jpg,dog
dog_000939.jpg,dog
dog_000940.jpg,dog
dog_000941.jpg,dog
dog_000942.jpg,dog
dog_000943.jpg,dog
dog_000944.jpg,dog
dog_000945.jpg,dog
dog_000946.jpg,dog
dog_000947.jpg,dog
dog_000948.jpg,dog
dog_000949.jpg,dog
dog_000950.jpg,dog
dog_000951.jpg,dog
dog_000952.jpg,dog
dog_000953.jpg,dog
dog_000954.jpg,dog
dog_000955.jpg,dog
dog_000956.jpg,dog
dog_000957.jpg,dog
dog_000958.jpg,dog
dog_000959.jpg,dog
dog_000960.jpg,dog
dog_000961.jpg,dog
dog_000962.jpg,dog
dog_000963.jpg,dog
dog_000964.jpg,dog
dog_000965.jpg,dog
dog_000966.jpg,dog
dog_000967.jpg,dog
dog_000968.jpg,dog
dog_000969.jpg,dog
dog_000970.jpg,dog
dog_000971.jpg,dog
dog_000972.jpg,dog
dog_000973.jpg,dog
dog_000974.jpg,dog
dog_000975.jpg,dog
dog_000976.jpg,dog
dog_000977.jpg,dog
dog_000978.jpg,dog
dog_000979.jpg,dog
dog_000980.jpg,dog
dog_000981.jpg,dog
dog_000982.jpg,dog
dog_000983.jpg,dog
dog_000984.jpg,dog
dog_000985.jpg,dog
dog_000986.jpg,dog
dog_000987.jpg,dog
dog_000988.jpg,dog
dog_000989.jpg,dog
dog_000990.jpg,dog
dog_000991.jpg,dog
dog_000992.jpg,dog
dog_000993.jpg,dog
dog_000994.jpg,dog
dog_000995.jpg,dog
dog_000996.jpg,dog
dog_000997.jpg,dog
dog_000998.jpg,dog
dog_000999.jpg,dog
dog_001000.jpg,dog
dog_001001.jpg,dog
dog_001002.jpg,dog
dog_001003.jpg,dog
dog_001004.jpg,dog
dog_001005.jpg,dog
dog_001006.jpg,dog
dog_001007.jpg,dog
dog_001008.jpg,dog
dog_001009.jpg,dog
dog_001010.jpg,dog
dog_001011.jpg,dog
dog_001012.jpg,dog
dog_001013.jpg,dog
dog_001014.jpg,dog
dog_001015.jpg,dog
dog_001016.jpg,dog
dog_001017.jpg,dog
dog_001018.jpg,dog
dog_001019.jpg,dog
dog_001020.jpg,dog
dog_001021.jpg,dog
dog_001022.jpg,dog
dog_001023.jpg,dog
dog_001024.jpg,dog
dog_001025.jpg,dog
dog_001026.jpg,dog
dog_001027.jpg,dog
dog_001028.jpg,dog
dog_001029.jpg,dog
dog_001030.jpg,dog
dog_001031.jpg,dog
dog_001032.jpg,dog
dog_001033.jpg,dog
dog_001034.jpg,dog
dog_001035.jpg,dog
dog_001036.jpg,dog
dog_001037.jpg,dog
dog_001038.jpg,dog
dog_001039.jpg,dog
dog_001040.jpg,dog
dog_001041.jpg,dog
dog_001042.jpg,dog
dog_001043.jpg,dog
dog_001044.jpg,dog
dog_001045.jpg,dog
dog_001046.jpg,dog
dog_001047.jpg,dog
dog_001048.jpg,dog
dog_001049.jpg,dog
dog_001050.jpg,dog
dog_001051.jpg,dog
dog_001052.jpg,dog
dog_001053.jpg,dog
dog_001054.jpg,dog
dog_001055.jpg,dog
dog_001056.jpg,dog
dog_001057.jpg,dog
dog_001058.jpg,dog
dog_001059.jpg,dog
dog_001060.jpg,dog
dog_001061.jpg,dog
dog_001062.jpg,dog
dog_001063.jpg,dog
dog_001064.jpg,dog
dog_001065.jpg,dog
dog_001066.jpg,dog
dog_001067.jpg,dog
dog_001068.jpg,dog
dog_001069.jpg,dog
dog_001070.jpg,dog
dog_001071.jpg,dog
dog_001072.jpg,dog
dog_001073.jpg,dog
dog_001074.jpg,dog
dog_001075.jpg,dog
dog_001076.jpg,dog
dog_001077.jpg,dog
dog_001078.jpg,dog
dog_001079.jpg,dog
dog_001080.jpg,dog
dog_001081.jpg,dog
dog_001082.jpg,dog
dog_001083.jpg,dog
dog_001084.jpg,dog
dog_001085.jpg,dog
dog_001086.jpg,dog
dog_001087.jpg,dog
dog_001088.jpg,dog
dog_001089.jpg,dog
dog_001090.jpg,dog
dog_001091.jpg,dog
dog_001092.jpg,dog
dog_001093.jpg,dog
dog_001094.jpg,dog
dog_001095.jpg,dog
dog_001096.jpg,dog
dog_001097.jpg,dog
dog_001098.jpg,dog
dog_001099.jpg,dog
dog_001100.jpg,dog
dog_001101.jpg,dog
dog_001102.jpg,dog
dog_001103.jpg,dog
dog_001104.jpg,dog
dog_001105.jpg,dog
dog_001106.jpg,dog
dog_001107.jpg,dog
dog_001108.jpg,dog
dog_001109.jpg,dog
dog_001110.jpg,dog
dog_001111.jpg,dog
dog_001112.jpg,dog
dog_001113.jpg,dog
dog_001114.jpg,dog
dog_001115.jpg,dog
dog_001116.jpg,dog
dog_001117.jpg,dog
dog_001118.jpg,dog
dog_001119.jpg,dog
dog_001120.jpg,dog
dog_001121.jpg,dog
dog_001122.jpg,dog
dog_001123.jpg,dog
dog_001124.jpg,dog
dog_001125.jpg,dog
dog_001126.jpg,dog
dog_001127.jpg,dog
dog_001128.jpg,dog
dog_001129.jpg,dog
dog_001130.jpg,dog
dog_001131.jpg,dog
dog_001132.jpg,dog
dog_001133.jpg,dog
dog_001134.jpg,dog
dog_001135.jpg,dog
dog_001136.jpg,dog
dog_001137.jpg,dog
dog_001138.jpg,dog
dog_001139.jpg,dog
dog_001140.jpg,dog
dog_001141.jpg,dog
dog_001142.jpg,dog
dog_001143.jpg,dog
dog_001144.jpg,dog
dog_001145.jpg,dog
dog_001146.jpg,dog
dog_001147.jpg,dog
dog_001148.jpg,dog
dog_001149.jpg,dog
dog_001150.jpg,dog
dog_001151.jpg,dog
dog_001152.jpg,dog
dog_001153.jpg,dog
dog_001154.jpg,dog
dog_001155.jpg,dog
dog_001156.jpg,dog
dog_001157.jpg,dog
dog_001158.jpg,dog
dog_001159.jpg,dog
dog_001160.jpg,dog
dog_001161.jpg,dog
dog_001162.jpg,dog
dog_001163.jpg,dog
dog_001164.jpg,dog
dog_001165.jpg,dog
dog_001166.jpg,dog
dog_001167.jpg,dog
dog_001168.jpg,dog
dog_001169.jpg,dog
dog_001170.jpg,dog
dog_001171.jpg,dog
dog_001172.jpg,dog
dog_001173.jpg,dog
dog_001174.jpg,dog
dog_001175.jpg,dog
dog_001176.jpg,dog
dog_001177.jpg,dog
dog_001178.jpg,dog
dog_001179.jpg,dog
dog_001180.jpg,dog
dog_001181.jpg,dog
dog_001182.jpg,dog
dog_001183.jpg,dog
dog_001184.jpg,dog
dog_001185.jpg,dog
dog_001186.jpg,dog
dog_001187.jpg,dog
dog_001188.jpg,dog
dog_001189.jpg,dog
dog_001190.jpg,dog
dog_001191.jpg,dog
dog_001192.jpg,dog
dog_001193.jpg,dog
dog_001194.jpg,dog
dog_001195.jpg,dog
dog_001196.jpg,dog
dog_001197.jpg,dog
dog_001198.jpg,dog
dog_001199.jpg,dog
dog_001200.jpg,dog
dog_001201.jpg,dog
dog_001202.jpg,dog
dog_001203.jpg,dog
dog_001204.jpg,dog
dog_001205.jpg,dog
dog_001206.jpg,dog
dog_001207.jpg,dog
dog_001208.jpg,dog
dog_001209.jpg,dog
dog_001210.jpg,dog
dog_001211.jpg,dog
dog_001212.jpg,dog
dog_001213.jpg,dog
dog_001214.jpg,dog
dog_001215.jpg,dog
dog_001216.jpg,dog
dog_001217.jpg,dog
dog_001218.jpg,dog
dog_001219.jpg,dog
dog_001220.jpg,dog
dog_001221.jpg,dog
dog_001222.jpg,dog
dog_001223.jpg,dog
dog_001224.jpg,dog
dog_001225.jpg,dog
dog_001226.jpg,dog
dog_001227.jpg,dog
dog_001228.jpg,dog
dog_001229.jpg,dog
dog_001230.jpg,dog
dog_001231.jpg,dog
dog_001232.jpg,dog
dog_001233.jpg,dog
dog_001234.jpg,dog
dog_001235.jpg,dog
dog_001236.jpg,dog
dog_001237.jpg,dog
dog_001238.jpg,dog
dog_001239.jpg,dog
dog_001240.jpg,dog
dog_001241.jpg,dog
dog_001242.jpg,dog
dog_001243.jpg,dog
dog_001244.jpg,dog
dog_001245.jpg,dog
dog_001246.jpg,dog
dog_001247.jpg,dog
dog_001248.jpg,dog
dog_001249.jpg,dog
dog_001250.jpg,dog
dog_001251.jpg,dog
dog_001252.jpg,dog
dog_001253.jpg,dog
dog_001254.jpg,dog
dog_001255.jpg,dog
dog_001256.jpg,dog
dog_001257.jpg,dog
dog_001258.jpg,dog
dog_001259.jpg,dog
dog_001260.jpg,dog
dog_001261.jpg,dog
dog_001262.jpg,dog
dog_001263.jpg,dog
dog_001264.jpg,dog
dog_001265.jpg,dog
dog_001266.jpg,dog
dog_001267.jpg,dog
dog_001268.jpg,dog
dog_001269.jpg,dog
dog_001270.jpg,dog
dog_001271.jpg,dog
dog_001272.jpg,dog
dog_001273.jpg,dog
dog_001274.jpg,dog
dog_001275.jpg,dog
dog_001276.jpg,dog
dog_001277.jpg,dog
dog_001278.jpg,dog
dog_001279.jpg,dog
dog_001280.jpg,dog
dog_001281.jpg,dog
dog_001282.jpg,dog
dog_001283.jpg,dog
dog_001284.jpg,dog
dog_001285.jpg,dog
dog_001286.jpg,dog
dog_001287.jpg,dog
dog_001288.jpg,dog
dog_001289.jpg,dog
dog_001290.jpg,dog
dog_001291.jpg,dog
dog_001292.jpg,dog
dog_001293.jpg,dog
dog_001294.jpg,dog
dog_001295.jpg,dog
dog_001296.jpg,dog
dog_001297.jpg,dog
dog_001298.jpg,dog
dog_001299.jpg,dog
dog_001300.jpg,dog
dog_001301.jpg,dog
dog_001302.jpg,dog
dog_001303.jpg,dog
dog_001304.jpg,dog
dog_001305.jpg,dog
dog_001306.jpg,dog
dog_001307.jpg,dog
dog_001308.jpg,dog
dog_001309.jpg,dog
dog_001310.jpg,dog
dog_001311.jpg,dog
dog_001312.jpg,dog
dog_001313.jpg,dog
dog_001314.jpg,dog
dog_001315.jpg,dog
dog_001316.jpg,dog
dog_001317.jpg,dog
dog_001318.jpg,dog
dog_001319.jpg,dog
dog_001320.jpg,dog
dog_001321.jpg,dog
dog_001322.jpg,dog
dog_001323.jpg,dog
dog_001324.jpg,dog
dog_001325.jpg,dog
dog_001326.jpg,dog
dog_001327.jpg,dog
dog_001328.jpg,dog
dog_001329.jpg,dog
dog_001330.jpg,dog
dog_001331.jpg,dog
dog_001332.jpg,dog
dog_001333.jpg,dog
dog_001334.jpg,dog
dog_001335.jpg,dog
dog_001336.jpg,dog
dog_001337.jpg,dog
dog_001338.jpg,dog
dog_001339.jpg,dog
dog_001340.jpg,dog
dog_001341.jpg,dog
dog_001342.jpg,dog
dog_001343.jpg,dog
dog_001344.jpg,dog
dog_001345.jpg,dog
dog_001346.jpg,dog
dog_001347.jpg,dog
dog_001348.jpg,dog
dog_001349.jpg,dog
dog_001350.jpg,dog
dog_001351.jpg,dog
dog_001352.jpg,dog
dog_001353.jpg,dog
dog_001354.jpg,dog
dog_001355.jpg,dog
dog_001356.jpg,dog
dog_001357.jpg,dog
dog_001358.jpg,dog
dog_001359.jpg,dog
dog_001360.jpg,dog
dog_001361.jpg,dog
dog_001362.jpg,dog
dog_001363.jpg,dog
dog_001364.jpg,dog
dog_001365.jpg,dog
dog_001366.jpg,dog
dog_001367.jpg,dog
dog_001368.jpg,dog
dog_001369.jpg,dog
dog_001370.jpg,dog
dog_001371.jpg,dog
dog_001372.jpg,dog
dog_001373.jpg,dog
dog_001374.jpg,dog
dog_001375.jpg,dog
dog_001376.jpg,dog
dog_001377.jpg,dog
dog_001378.jpg,dog
dog_001379.jpg,dog
dog_001380.jpg,dog
dog_001381.jpg,dog
dog_001382.jpg,dog
dog_001383.jpg,dog
dog_001384.jpg,dog
dog_001385.jpg,dog
dog_001386.jpg,dog
dog_001387.jpg,dog
dog_001388.jpg,dog
dog_001389.jpg,dog
dog_001390.jpg,dog
dog_001391.jpg,dog
dog_001392.jpg,dog
dog_001393.jpg,dog
dog_001394.jpg,dog
dog_001395.jpg,dog
dog_001396.jpg,dog
dog_001397.jpg,dog
dog_001398.jpg,dog
dog_001399.jpg,dog
dog_001400.jpg,dog
dog_001401.jpg,dog
dog_001402.jpg,dog
dog_001403.jpg,dog
dog_001404.jpg,dog
dog_001405.jpg,dog
dog_001406.jpg,dog
dog_001407.jpg,dog
dog_001408.jpg,dog
dog_001409.jpg,dog
dog_001410.jpg,dog
dog_001411.jpg,dog
dog_001412.jpg,dog
dog_001413.jpg,dog
dog_001414.jpg,dog
dog_001415.jpg,dog
dog_001416.jpg,dog
dog_001417.jpg,dog
dog_001418.jpg,dog
dog_001419.jpg,dog
dog_001420.jpg,dog
dog_001421.jpg,dog
dog_001422.jpg,dog
dog_001423.jpg,dog
dog_001424.jpg,dog
dog_001425.jpg,dog
dog_001426.jpg,dog
dog_001427.jpg,dog
dog_001428.jpg,dog
dog_001429.jpg,dog
dog_001430.jpg,dog
dog_001431.jpg,dog
dog_001432.jpg,dog
dog_001433.jpg,dog
dog_001434.jpg,dog
dog_001435.jpg,dog
dog_001436.jpg,dog
dog_001437.jpg,dog
dog_001438.jpg,dog
dog_001439.jpg,dog
dog_001440.jpg,dog
dog_001441.jpg,dog
dog_001442.jpg,dog
dog_001443.jpg,dog
dog_001444.jpg,dog
dog_001445.jpg,dog
dog_001446.jpg,dog
dog_001447.jpg,dog
dog_001448.jpg,dog
dog_001449.jpg,dog
dog_001450.jpg,dog
dog_001451.jpg,dog
dog_001452.jpg,dog
dog_001453.jpg,dog
dog_001454.jpg,dog
dog_001455.jpg,dog
dog_001456.jpg,dog
dog_001457.jpg,dog
dog_001458.jpg,dog
dog_001459.jpg,dog
dog_001460.jpg,dog
dog_001461.jpg,dog
dog_001462.jpg,dog
dog_001463.jpg,dog
dog_001464.jpg,dog
dog_001465.jpg,dog
dog_001466.jpg,dog
dog_001467.jpg,dog
dog_001468.jpg,dog
dog_001469.jpg,dog
dog_001470.jpg,dog
dog_001471.jpg,dog
dog_001472.jpg,dog
dog_001473.jpg,dog
dog_001474.jpg,dog
dog_001475.jpg,dog
dog_001476.jpg,dog
dog_001477.jpg,dog
dog_001478.jpg,dog
dog_001479.jpg,dog
dog_001480.jpg,dog
dog_001481.jpg,dog
dog_001482.jpg,dog
dog_001483.jpg,dog
dog_001484.jpg,dog
dog_001485.jpg,dog
dog_001486.jpg,dog
dog_001487.jpg,dog
dog_001488.jpg,dog
dog_001489.jpg,dog
dog_001490.jpg,dog
dog_001491.jpg,dog
dog_001492.jpg,dog
dog_001493.jpg,dog
dog_001494.jpg,dog
dog_001495.jpg,dog
dog_001496.jpg,dog
dog_001497.jpg,dog
dog_001498.jpg,dog
dog_001499.jpg,dog
dog_001500.jpg,dog
dog_001501.jpg,dog
dog_001502.jpg,dog
dog_001503.jpg,dog
dog_001504.jpg,dog
dog_001505.jpg,dog
dog_001506.jpg,dog
dog_001507.jpg,dog
dog_001508.jpg,dog
dog_001509.jpg,dog
dog_001510.jpg,dog
dog_001511.jpg,dog
dog_001512.jpg,dog
dog_001513.jpg,dog
dog_001514.jpg,dog
dog_001515.jpg,dog
dog_001516.jpg,dog
dog_001517.jpg,dog
dog_001518.jpg,dog
dog_001519.jpg,dog
dog_001520.jpg,dog
dog_001521.jpg,dog
dog_001522.jpg,dog
dog_001523.jpg,dog
dog_001524.jpg,dog
dog_001525.jpg,dog
dog_001526.jpg,dog
dog_001527.jpg,dog
dog_001528.jpg,dog
dog_001529.jpg,dog
dog_001530.jpg,dog
dog_001531.jpg,dog
dog_001532.jpg,dog
dog_001533.jpg,dog
dog_001534.jpg,dog
dog_001535.jpg,dog
dog_001536.jpg,dog
dog_001537.jpg,dog
dog_001538.jpg,dog
dog_001539.jpg,dog
dog_001540.jpg,dog
dog_001541.jpg,dog
dog_001542.jpg,dog
dog_001543.jpg,dog
dog_001544.jpg,dog
dog_001545.jpg,dog
dog_001546.jpg,dog
dog_001547.jpg,dog
dog_001548.jpg,dog
dog_001549.jpg,dog
dog_001550.jpg,dog
dog_001551.jpg,dog
dog_001552.jpg,dog
dog_001553.jpg,dog
dog_001554.jpg,dog
dog_001555.jpg,dog
dog_001556.jpg,dog
dog_001557.jpg,dog
dog_001558.jpg,dog
dog_001559.jpg,dog
dog_001560.jpg,dog
dog_001561.jpg,dog
dog_001562.jpg,dog
dog_001563.jpg,dog
dog_001564.jpg,dog
dog_001565.jpg,dog
dog_001566.jpg,dog
dog_001567.jpg,dog
dog_001568.jpg,dog
dog_001569.jpg,dog
dog_001570.jpg,dog
dog_001571.jpg,dog
dog_001572.jpg,dog
dog_001573.jpg,dog
dog_001574.jpg,dog
dog_001575.jpg,dog
dog_001576.jpg,dog
dog_001577.jpg,dog
dog_001578.jpg,dog
dog_001579.jpg,dog
dog_001580.jpg,dog
dog_001581.jpg,dog
dog_001582.jpg,dog
dog_001583.jpg,dog
dog_001584.jpg,dog
dog_001585.jpg,dog
dog_001586.jpg,dog
dog_001587.jpg,dog
dog_001588.jpg,dog
dog_001589.jpg,dog
dog_001590.jpg,dog
dog_001591.jpg,dog
dog_001592.jpg,dog
dog_001593.jpg,dog
dog_001594.jpg,dog
dog_001595.jpg,dog
dog_001596.jpg,dog
dog_001597.jpg,dog
dog_001598.jpg,dog
dog_001599.jpg,dog
dog_001600.jpg,dog
dog_001601.jpg,dog
dog_001602.jpg,dog
dog_001603.jpg,dog
dog_001604.jpg,dog
dog_001605.jpg,dog
dog_001606.jpg,dog
dog_001607.jpg,dog
dog_001608.jpg,dog
dog_001609.jpg,dog
dog_001610.jpg,dog
dog_001611.jpg,dog
dog_001612.jpg,dog
dog_001613.jpg,dog
dog_001614.jpg,dog
dog_001615.jpg,dog
dog_001616.jpg,dog
dog_001617.jpg,dog
dog_001618.jpg,dog
dog_001619.jpg,dog
dog_001620.jpg,dog
dog_001621.jpg,dog
dog_001622.jpg,dog
dog_001623.jpg,dog
dog_001624.jpg,dog
dog_001625.jpg,dog
dog_001626.jpg,dog
dog_001627.jpg,dog
dog_001628.jpg,dog
dog_001629.jpg,dog
dog_001630.jpg,dog
dog_001631.jpg,dog
dog_001632.jpg,dog
dog_001633.jpg,dog
dog_001634.jpg,dog
dog_001635.jpg,dog
dog_001636.jpg,dog
dog_001637.jpg,dog
dog_001638.jpg,dog
dog_001639.jpg,dog
dog_001640.jpg,dog
dog_001641.jpg,dog
dog_001642.jpg,dog
dog_001643.jpg,dog
dog_001644.jpg,dog
dog_001645.jpg,dog
dog_001646.jpg,dog
dog_001647.jpg,dog
dog_001648.jpg,dog
dog_001649.jpg,dog
dog_001650.jpg,dog
dog_001651.jpg,dog
dog_001652.jpg,dog
dog_001653.jpg,dog
dog_001654.jpg,dog
dog_001655.jpg,dog
dog_001656.jpg,dog
dog_001657.jpg,dog
dog_001658.jpg,dog
dog_001659.jpg,dog
dog_001660.jpg,dog
dog_001661.jpg,dog
dog_001662.jpg,dog
dog_001663.jpg,dog
dog_001664.jpg,dog
dog_001665.jpg,dog
dog_001666.jpg,dog
dog_001667.jpg,dog
dog_001668.jpg,dog
dog_001669.jpg,dog
dog_001670.jpg,dog
dog_001671.jpg,dog
dog_001672.jpg,dog
dog_001673.jpg,dog
dog_001674.jpg,dog
dog_001675.jpg,dog
dog_001676.jpg,dog
dog_001677.jpg,dog
dog_001678.jpg,dog
dog_001679.jpg,dog
dog_001680.jpg,dog
dog_001681.jpg,dog
dog_001682.jpg,dog
dog_001683.jpg,dog
dog_001684.jpg,dog
dog_001685.jpg,dog
dog_001686.jpg,dog
dog_001687.jpg,dog
dog_001688.jpg,dog
dog_001689.jpg,dog
dog_001690.jpg,dog
dog_001691.jpg,dog
dog_001692.jpg,dog
dog_001693.jpg,dog
dog_001694.jpg,dog
dog_001695.jpg,dog
dog_001696.jpg,dog
dog_001697.jpg,dog
dog_001698.jpg,dog
dog_001699.jpg,dog
dog_001700.jpg,dog
dog_001701.jpg,dog
dog_001702.jpg,dog
dog_001703.jpg,dog
dog_001704.jpg,dog
dog_001705.jpg,dog
dog_001706.jpg,dog
dog_001707.jpg,dog
dog_001708.jpg,dog
dog_001709.jpg,dog
dog_001710.jpg,dog
dog_001711.jpg,dog
dog_001712.jpg,dog
dog_001713.jpg,dog
dog_001714.jpg,dog
dog_001715.jpg,dog
dog_001716.jpg,dog
dog_001717.jpg,dog
dog_001718.jpg,dog
dog_001719.jpg,dog
dog_001720.jpg,dog
dog_001721.jpg,dog
dog_001722.jpg,dog
dog_001723.jpg,dog
dog_001724.jpg,dog
dog_001725.jpg,dog
dog_001726.jpg,dog
dog_001727.jpg,dog
dog_001728.jpg,dog
dog_001729.jpg,dog
dog_001730.jpg,dog
dog_001731.jpg,dog
dog_001732.jpg,dog
dog_001733.jpg,dog
dog_001734.jpg,dog
dog_001735.jpg,dog
dog_001736.jpg,dog
dog_001737.jpg,dog
dog_001738.jpg,dog
dog_001739.jpg,dog
dog_001740.jpg,dog
dog_001741.jpg,dog
dog_001742.jpg,dog
dog_001743.jpg,dog
dog_001744.jpg,dog
dog_001745.jpg,dog
dog_001746.jpg,dog
dog_001747.jpg,dog
dog_001748.jpg,dog
dog_001749.jpg,dog
dog_001750.jpg,dog
dog_001751.jpg,dog
dog_001752.jpg,dog
dog_001753.jpg,dog
dog_001754.jpg,dog
dog_001755.jpg,dog
dog_001756.jpg,dog
dog_001757.jpg,dog
dog_001758.jpg,dog
dog_001759.jpg,dog
dog_001760.jpg,dog
dog_001761.jpg,dog
dog_001762.jpg,dog
dog_001763.jpg,dog
dog_001764.jpg,dog
dog_001765.jpg,dog
dog_001766.jpg,dog
dog_001767.jpg,dog
dog_001768.jpg,dog
dog_001769.jpg,dog
dog_001770.jpg,dog
dog_001771.jpg,dog
dog_001772.jpg,dog
dog_001773.jpg,dog
dog_001774.jpg,dog
dog_001775.jpg,dog
dog_001776.jpg,dog
dog_001777.jpg,dog
dog_001778.jpg,dog
dog_001779.jpg,dog
dog_001780.jpg,dog
dog_001781.jpg,dog
dog_001782.jpg,dog
dog_001783.jpg,dog
dog_001784.jpg,dog
dog_001785.jpg,dog
dog_001786.jpg,dog
dog_001787.jpg,dog
dog_001788.jpg,dog
dog_001789.jpg,dog
dog_001790.jpg,dog
dog_001791.jpg,dog
dog_001792.jpg,dog
dog_001793.jpg,dog
dog_001794.jpg,dog
dog_001795.jpg,dog
dog_001796.jpg,dog
dog_001797.jpg,dog
dog_001798.jpg,dog
dog_001799.jpg,dog
dog_001800.jpg,dog
dog_001801.jpg,dog
dog_001802.jpg,dog
dog_001803.jpg,dog
dog_001804.jpg,dog
dog_001805.jpg,dog
dog_001806.jpg,dog
dog_001807.jpg,dog
dog_001808.jpg,dog
dog_001809.jpg,dog
dog_001810.jpg,dog
dog_001811.jpg,dog
dog_001812.jpg,dog
dog_001813.jpg,dog
dog_001814.jpg,dog
dog_001815.jpg,dog
dog_001816.jpg,dog
dog_001817.jpg,dog
dog_001818.jpg,dog
dog_001819.jpg,dog
dog_001820.jpg,dog
dog_001821.jpg,dog
dog_001822.jpg,dog
dog_001823.jpg,dog
dog_001824.jpg,dog
dog_001825.jpg,dog
dog_001826.jpg,dog
dog_001827.jpg,dog
dog_001828.jpg,dog
dog_001829.jpg,dog
dog_001830.jpg,dog
dog_001831.jpg,dog
dog_001832.jpg,dog
dog_001833.jpg,dog
dog_001834.jpg,dog
dog_001835.jpg,dog
dog_001836.jpg,dog
dog_001837.jpg,dog
dog_001838.jpg,dog
dog_001839.jpg,dog
dog_001840.jpg,dog
dog_001841.jpg,dog
dog_001842.jpg,dog
dog_001843.jpg,dog
dog_001844.jpg,dog
dog_001845.jpg,dog
dog_001846.jpg,dog
dog_001847.jpg,dog
dog_001848.jpg,dog
dog_001849.jpg,dog
dog_001850.jpg,dog
dog_001851.jpg,dog
dog_001852.jpg,dog
dog_001853.jpg,dog
dog_001854.jpg,dog
dog_001855.jpg,dog
dog_001856.jpg,dog
dog_001857.jpg,dog
dog_001858.jpg,dog
dog_001859.jpg,dog
dog_001860.jpg,dog
dog_001861.jpg,dog
dog_001862.jpg,dog
dog_001863.jpg,dog
dog_001864.jpg,dog
dog_001865.jpg,dog
dog_001866.jpg,dog
dog_001867.jpg,dog
dog_001868.jpg,dog
dog_001869.jpg,dog
dog_001870.jpg,dog
dog_001871.jpg,dog
dog_001872.jpg,dog
dog_001873.jpg,dog
dog_001874.jpg,dog
dog_001875.jpg,dog
dog_001876.jpg,dog
dog_001877.jpg,dog
dog_001878.jpg,dog
dog_001879.jpg,dog
dog_001880.jpg,dog
dog_001881.jpg,dog
dog_001882.jpg,dog
dog_001883.jpg,dog
dog_001884.jpg,dog
dog_001885.jpg,dog
dog_001886.jpg,dog
dog_001887.jpg,dog
dog_001888.jpg,dog
dog_001889.jpg,dog
dog_001890.jpg,dog
dog_001891.jpg,dog
dog_001892.jpg,dog
dog_001893.jpg,dog
dog_001894.jpg,dog
dog_001895.jpg,dog
dog_001896.jpg,dog
dog_001897.jpg,dog
dog_001898.jpg,dog
dog_001899.jpg,dog
dog_001900.jpg,dog
dog_001901.jpg,dog
dog_001902.jpg,dog
dog_001903.jpg,dog
dog_001904.jpg,dog
dog_001905.jpg,dog
dog_001906.jpg,dog
dog_001907.jpg,dog
dog_001908.jpg,dog
dog_001909.jpg,dog
dog_001910.jpg,dog
dog_001911.jpg,dog
dog_001912.jpg,dog
dog_001913.jpg,dog
dog_001914.jpg,dog
dog_001915.jpg,dog
dog_001916.jpg,dog
dog_001917.jpg,dog
dog_001918.jpg,dog
dog_001919.jpg,dog
dog_001920.jpg,dog
dog_001921.jpg,dog
dog_001922.jpg,dog
dog_001923.jpg,dog
dog_001924.jpg,dog
dog_001925.jpg,dog
dog_001926.jpg,dog
dog_001927.jpg,dog
dog_001928.jpg,dog
dog_001929.jpg,dog
dog_001930.jpg,dog
dog_001931.jpg,dog
dog_001932.jpg,dog
dog_001933.jpg,dog
dog_001934.jpg,dog
dog_001935.jpg,dog
dog_001936.jpg,dog
dog_001937.jpg,dog
dog_001938.jpg,dog
dog_001939.jpg,dog
dog_001940.jpg,dog
dog_001941.jpg,dog
dog_001942.jpg,dog
dog_001943.jpg,dog
